raion	punkt	stattia	storinka	zhadky	mistok
Баришівський район	Баришівка	нарис	72	72-84, 91, 94-97	
Баришівський район	Березань	нарис	84	74, 84-95, 97, 98, 747	
Баришівський район	Бзів	довідка	94	94	
Баришівський район	Веселинівка	довідка	94	94	
Баришівський район	Войкове	довідка	94	94	
Баришівський район	Волошинівка	довідка	95	95	
Баришівський район	Гостролуччя	довідка	95	95	
Баришівський район	Дернівка	довідка	95	95	
Баришівський район	Жуківка	довідка	95	95	
Баришівський район	Лехнівка	довідка	95	95	
Баришівський район	Лукаші	довідка	95	95, 96	
Баришівський район	Лук’янівка	довідка	96	96	
Баришівський район	Мала Супоївка	довідка	96	96	
Баришівський район	Масківці	довідка	96	96	
Баришівський район	Морозівка	довідка	96	96	
Баришівський район	Паришків	довідка	96	96	
Баришівський район	Перемога	довідка	96	96	
Баришівський район	Поділля	довідка	97	19, 97, 100, 101, 392, 499, 620	
Баришівський район	Сезенків	довідка	97	97	
Баришівський район	Селище	довідка	97	97	
Баришівський район	Семенівка	довідка	97	88, 97	
Баришівський район	Сулимівка	довідка	97	94, 96, 97	
Баришівський район	Усівка	довідка	98	98	
Баришівський район	Хмельовик	довідка	98	98	
Баришівський район	Ярешки	довідка	98	98	
Білоцерківський район	Біла Церква	нарис	99	10, 17, 19, 20, 21, 26, 28, 30, 31, 32-35, 37-39, 42-45, 49, 55, 58-61, 64, 67, 69, 99-124, 132, 141-148, 151, 159, 251, 264, 279, 282, 284, 285, 287, 300-303, 409, 440, 514, 541, 542, 544, 550, 569, 577, 579, 593, 594, 598, 599, 602, 608, 616, 656, 657, 682, 683, 695, 696	
Білоцерківський район	Узин	нарис	124	? (2 однойменних)	
Білоцерківський район	Матюші	нарис	132	132-140, 145, 586	
Білоцерківський район	Бикова Гребля	довідка	141	141	
Білоцерківський район	Блощинці	довідка	141	141	
Білоцерківський район	Василів	довідка	141	141	
Білоцерківський район	Вільна Тарасівка	довідка	141	141, 142	
Білоцерківський район	Дрозди	довідка	142	142	
Білоцерківський район	Іванівка	довідка	142	142	
Білоцерківський район	Йосипівка	довідка	142	142, 143, 543	
Білоцерківський район	Коженики	довідка	143	143	
Білоцерківський район	Макіївка	довідка	143	143	
Білоцерківський район	Мала Антонівка	довідка	143	143	
Білоцерківський район	Мала Вільшанка	довідка	143	143	
Білоцерківський район	Михайлівка	довідка	143	126, 143, 144	
Білоцерківський район	Озерна	довідка	144	144	
Білоцерківський район	Олійникова Слобода	довідка	144	144	
Білоцерківський район	Острійки	довідка	144	144	
Білоцерківський район	Пилипча	довідка	144	144, 145	
Білоцерківський район	Піщана	довідка	145	145	
Білоцерківський район	Поправка	довідка	145	145	
Білоцерківський район	Потіївка	довідка	145	145	
Білоцерківський район	Розаліївка	довідка	145	145, 146	
Білоцерківський район	Сорокотяги	довідка	145	145	
Білоцерківський район	Сухоліси	довідка	145	10, 141-147, 562	
Білоцерківський район	Тарасівка	довідка	146	146	
Білоцерківський район	Томилівка	довідка	146	146	
Білоцерківський район	Трушки	довідка	146	64, 117, 137, 146, 584, 586	
Білоцерківський район	Фастівка	довідка	147	146	
Білоцерківський район	Фесюри	довідка	147	147	
Білоцерківський район	Фурси	довідка	147	? (2 однойменних)	
Білоцерківський район	Храпачі	довідка	147	147	
Білоцерківський район	Чепиліївка	довідка	147	147	
Білоцерківський район	Чупира	довідка	147	147	
Білоцерківський район	Шкарівка	довідка	148	114, 146-148	
Білоцерківський район	Яблунівка	довідка	148	148	
Богуславський район	Богуслав	нарис	149	10, 13, 24, 38, 43, 47, 55, 62, 64, 69, 149-164, 169, 170, 173, 179-182, 259, 440, 544, 682	
Богуславський район	Ісайки	нарис	164	156, 164-169	
Богуславський район	Медвин	нарис	169	156, 159, 169-178	
Богуславський район	Біївці	довідка	179	179	
Богуславський район	Бране Поле	довідка	179	179	
Богуславський район	Вільховець	довідка	179	179	
Богуславський район	Дибинці	довідка	179	26, 166, 179, 181	
Богуславський район	Дмитренки	довідка	179	175, 179, 180	
Богуславський район	Іванівка	довідка	180	180	
Богуславський район	Киданівка	довідка	180	180	
Богуславський район	Мисайлівка	довідка	180	159, 180	
Богуславський район	Митаївка	довідка	180	180	
Богуславський район	Михайлівка	довідка	180	180	
Богуславський район	Москаленки	довідка	180	180, 181	
Богуславський район	Побережка	довідка	181	175, 181	
Богуславський район	Розкопанці	довідка	181	181	
Богуславський район	Саварка	довідка	181	181	
Богуславський район	Синиця	довідка	181	181, 182	
Богуславський район	Тептіївка	довідка	182	182	
Богуславський район	Хохітва	довідка	182	155, 157, 159, 181, 182	
Богуславський район	Шупики	довідка	182	182	
Богуславський район	Щербашинці	довідка	182	-	
Бориспільський район	Бориспіль	нарис	183	44, 64, 67, 73, 87, 183-195, 200, 203, 204	
Бориспільський район	Вишеньки	нарис	195	195-202	
Бориспільський район	Бортничі	довідка	203	13, 203	
Бориспільський район	Велика Олександрівка	довідка	203	203	
Бориспільський район	Вороньків	довідка	203	203	
Бориспільський район	Глибоке	довідка	203	203, 204	
Бориспільський район	Гнідин	довідка	204	200, 204	
Бориспільський район	Головурів	довідка	204	204	
Бориспільський район	Дударків	довідка	204	204	
Бориспільський район	Іванків	довідка	204	47, 55, 204, 277, 304-312	
Бориспільський район	Кірове	довідка	204	204	
Бориспільський район	Любарці	довідка	204	204	
Бориспільський район	Мартусівка	довідка	205	-	
Бориспільський район	Проців	довідка	205	-	
Бориспільський район	Рогозів	довідка	205	47	
Бориспільський район	Сеньківка	довідка	205	-	
Бориспільський район	Сошників	довідка	205	-	
Бориспільський район	Старе	довідка	205	205	
Бородянський район	Бородянка	нарис	206	206-216, 218-220, 318, 402, 408, 430, 432-435	
Бородянський район	Бабинці	довідка	217	10, 47, 212, 217	
Бородянський район	Блиставиця	довідка	217	217	
Бородянський район	Дружня	довідка	217	217	
Бородянський район	Жовтневе	довідка	217	217	
Бородянський район	Загальці	довідка	217	217	
Бородянський район	Здвижівка	довідка	217	217, 218	
Бородянський район	Качали	довідка	218	218	
Бородянський район	Клавдієво-Тарасове	довідка	218	47, 213, 218	
Бородянський район	Козинці	довідка	218	218	
Бородянський район	Луб’янка	довідка	218	218	
Бородянський район	Майданівка	довідка	218	218	
Бородянський район	Мигалки	довідка	218	218, 219	
Бородянський район	Микуличі	довідка	219	219	
Бородянський район	Мирча	довідка	219	10, 219	
Бородянський район	Небрат	довідка	219	219	
Бородянський район	Немішаєве	довідка	219	218, 219, 403, 431	
Бородянський район	Нова Гребля	довідка	220	212, 220	
Бородянський район	Пилиповичі	довідка	220	220	
Бородянський район	Пісківка	довідка	220	10, 47, 220	
Бородянський район	Шибене	довідка	220	220	
Броварський район	Бровари	нарис	221	41, 44, 62, 64, 221-233, 242-245, 400, 404-406	
Броварський район	Гоголів	нарис	233	223, 233-241	
Броварський район	Бобрик	довідка	242	-	
Броварський район	Богданівка	довідка	242	242	
Броварський район	Велика Димерка	довідка	242	226, 237, 242	
Броварський район	Жердова	довідка	242	242	
Броварський район	Заворичі	довідка	242	242, 243	
Броварський район	Зазим’я	довідка	242	229, 231, 242	
Броварський район	Калинівка	довідка	242	242, 243	
Броварський район	Калита	довідка	243	243	
Броварський район	Княжичі	довідка	243	243	
Броварський район	Красилівка	довідка	243	243	
Броварський район	Літки	довідка	243	243	
Броварський район	Літочки	довідка	243	243	
Броварський район	Мокрець	довідка	243	243	
Броварський район	Плоске	довідка	244	237, 244	
Броварський район	Погреби	довідка	244	231, 244	
Броварський район	Пухівка	довідка	244	222, 225, 244	
Броварський район	Рожни	довідка	244	244	
Броварський район	Рудня	довідка	244	244	
Броварський район	Русанів	довідка	244	237, 244	
Броварський район	Світильне	довідка	245	245	
Броварський район	Семиполки	довідка	245	245	
Броварський район	Требухів	довідка	245	237, 245	
Броварський район	Троєщина	довідка	245	231, 245	
Броварський район	Шевченкове	довідка	245	245	
Васильківський район	Васильків	нарис	246	10, 13, 14, 18, 26, 28, 32, 33, 37-39, 44, 47, 51, 55, 69, 110, 209, 246-259, 264, 276-278, 281, 434, 478, 544, 553, 696	
Васильківський район	Гребінки	нарис	259	259-267	
Васильківський район	Ксаверівка	нарис	268	62, 67, 268, 275	
Васильківський район	Барахти	довідка	276	276	
Васильківський район	Велика Бугаївка	довідка	276	276	
Васильківський район	Велика Вільшанка	довідка	276	276, 283	
Васильківський район	Велика Солтанівка	довідка	276	276	
Васильківський район	Вільшанська Новоселиця	довідка	276	276	
Васильківський район	Вінницькі Стави	довідка	277	265, 271, 277, 706	
Васильківський район	Гвоздів	довідка	277	14, 277	
Васильківський район	Глеваха	довідка	277	? (2 однойменних)	
Васильківський район	Данилівка	довідка	277	277	
Васильківський район	Дзвінкове	довідка	277	264, 277	
Васильківський район	Западинка	довідка	278	278	
Васильківський район	Застугна	довідка	278	493	
Васильківський район	Здорівка	довідка	278	278	
Васильківський район	Іванковичі	довідка	278	14, 278	
Васильківський район	Калинівка	довідка	278	278	
Васильківський район	Ковалівка	довідка	278	21, 69, 248, 278, 279, 282, 696	
Васильківський район	Кодаки	довідка	279	278, 279	
Васильківський район	Крушинка	довідка	279	279	
Васильківський район	Лосятин	довідка	279	279, 280	
Васильківський район	Мала Солтанівка	довідка	280	280	
Васильківський район	Мар’янівка	довідка	280	13, 268, 269, 271, 280, 679	
Васильківський район	Митниця	довідка	280	268, 278, 280, 281	
Васильківський район	Пінчуки	довідка	281	260, 265, 268, 271, 273, 281	
Васильківський район	Плесецьке	довідка	281	281	
Васильківський район	Погреби	довідка	281	281, 283	
Васильківський район	Пологи	довідка	281	248, 281, 696	
Васильківський район	Порадівка	довідка	281	281	
Васильківський район	Саливонки	довідка	281	260, 264, 281, 282	
Васильківський район	Соколівка	довідка	282	282	
Васильківський район	Тростинка	довідка	282	282, 283	
Васильківський район	Устимівка	довідка	282	64, 142, 259, 268, 276, 281, 282, 696	
Васильківський район	Шевченківка	довідка	282	282	
Васильківський район	Яцьки	довідка	283	283	
Володарський район	Володарка	нарис	284	20, 284-292	
Володарський район	Городище-Пустоварівське	нарис	293	293-299	
Володарський район	Березна	довідка	300	287, 289, 300	
Володарський район	Біліївка	довідка	300	300	
Володарський район	Гайворон	довідка	300	300	
Володарський район	Завадівка	довідка	300	289, 300, 302	
Володарський район	Зрайки	довідка	300	300	
Володарський район	Капустинці	довідка	300	300, 301	
Володарський район	Косівка	довідка	301	301	
Володарський район	Лобачів	довідка	301	301	
Володарський район	Логвин	довідка	301	301	
Володарський район	Мармуліївка	довідка	301	42, 301	
Володарський район	Матвіїха	довідка	301	301	
Володарський район	Ожегівка	довідка	302	302	
Володарський район	Пархомівка	довідка	302	26, 302	
Володарський район	Рачки	довідка	302	302	
Володарський район	Рогізна	довідка	302	302	
Володарський район	Рубченки	довідка	302	302	
Володарський район	Руде Село	довідка	302	302	
Володарський район	Тадіївка	довідка	302	302, 303	
Володарський район	Тарган	довідка	303	303	
Іванківський район	Іванків	нарис	304	47, 55, 204, 277, 304-312	
Іванківський район	Блідча	довідка	313	306, 313	
Іванківський район	Богдани	довідка	313	313, 718	
Іванківський район	Варівськ	довідка	313	313	
Іванківський район	Вахівка	довідка	313	313	
Іванківський район	Димарка	довідка	313	313	
Іванківський район	Жміївка	довідка	313	313	
Іванківський район	Кропивня	довідка	313	313	
Іванківський район	Кухарі	довідка	314	314	
Іванківський район	Любимівка	довідка	314	314	
Іванківський район	Макарівка	довідка	314	314	
Іванківський район	Мусійки	довідка	314	314	
Іванківський район	Обуховичі	довідка	314	314	
Іванківський район	Олива	довідка	314	314	
Іванківський район	Оране	довідка	314	314	
Іванківський район	Піски	довідка	315	315	
Іванківський район	Прибірськ	довідка	315	315	
Іванківський район	Рови	довідка	315	315	
Іванківський район	Розважів	довідка	315	315, 316	
Іванківський район	Рудня-Димерська	довідка	315	313, 315	
Іванківський район	Сидоровичі	довідка	315	315	
Іванківський район	Старі Соколи	довідка	315	315	
Іванківський район	Термахівка	довідка	316	316	
Іванківський район	Тетерівське	довідка	316	316	
Іванківський район	Феневичі	довідка	316	316	
Іванківський район	Шпилі	довідка	316	316	
Ірпінь	Ірпінь	нарис	317	? (2 однойменних)	
Ірпінь	Буча	довідка	327	? (3 однойменних)	
Ірпінь	Ворзель	довідка	327	4, 7, 67, 317, 324, 328, 404	
Ірпінь	Гостомель	довідка	328	10, 47, 317, 328, 329, 401	
Ірпінь	Коцюбинське	довідка	329	47, 317, 329	
Кагарлицький район	Кагарлик	нарис	330	26, 51, 55, 254, 330-338, 345, 357, 359, 461, 474	
Кагарлицький район	Ржищів	нарис	339	339-355, 487	
Кагарлицький район	Стави	нарис	348	334, 348-354	
Кагарлицький район	Балико-Щучинка	довідка	355	345, 355	
Кагарлицький район	Бендюгівка	довідка	355	348, 355	
Кагарлицький район	Бурти (нерозбірливо: «35» і зіпсована остання цифра; сусіди обабіч 355)	довідка	35	? (2 однойменних)	
Кагарлицький район	Великі Прицьки	довідка	355	341, 355-357, 441	
Кагарлицький район	Горохове	довідка	356	356, 357	
Кагарлицький район	Горохуватка	довідка	356	356	
Кагарлицький район	Гребені	довідка	356	356	
Кагарлицький район	Демівщина	довідка	356	356	
Кагарлицький район	Жовтневе	довідка	356	356	
Кагарлицький район	Кадомка	довідка	356	356	
Кагарлицький район	Кузьминці	довідка	357	357	
Кагарлицький район	Леонівка	довідка	357	357	
Кагарлицький район	Ліщинка	довідка	357	357	
Кагарлицький район	Мирівка	довідка	357	357	
Кагарлицький район	Новосілки	довідка	357	357	
Кагарлицький район	Переселення	довідка	357	357	
Кагарлицький район	Півці	довідка	358	141, 346, 358	
Кагарлицький район	Расавка	довідка	358	358	
Кагарлицький район	Слобода	довідка	358	358	
Кагарлицький район	Стайки	довідка	358	14, 18, 340, 358	
Кагарлицький район	Стрітівка	довідка	358	358	
Кагарлицький район	Сущани	довідка	358	358	
Кагарлицький район	Халча	довідка	358	358	
Кагарлицький район	Черняхів	довідка	359	13, 359, 690	
Кагарлицький район	Шпендівка	довідка	359	129, 359	
Кагарлицький район	Шубівка	довідка	359	359	
Кагарлицький район	Яблунівка	довідка	359	359	
Києво-Святошинський район	Боярка	нарис	361	67, 361-367, 401-404	
Києво-Святошинський район	Вишгород	нарис	367	13-15, 367-376, 717	
Києво-Святошинський район	Димер	нарис	376	18, 376-385	
Києво-Святошинський район	Білогородка	нарис	385	16, 385-392	
Києво-Святошинський район	Демидів	нарис	392	42, 45, 376, 379, 392-399, 403	
Києво-Святошинський район	Абрамівка	довідка	400	400	
Києво-Святошинський район	Бузова	довідка	400	400, 415	
Києво-Святошинський район	Вишневе	довідка	400	400	
Києво-Святошинський район	Вища Дубечня	довідка	400	52, 400, 404	
Києво-Святошинський район	Віта-Поштова	довідка	400	363, 389, 400	
Києво-Святошинський район	Гаврилівка	довідка	400	400	
Києво-Святошинський район	Гатне	довідка	401	48, 363, 401	
Києво-Святошинський район	Гореничі	довідка	401	401, 405	
Києво-Святошинський район	Горенка	довідка	401	320, 389, 401	
Києво-Святошинський район	Жукин	довідка	401	13, 401, 406	
Києво-Святошинський район	Жуляни	довідка	401	14, 48, 401, 405, 406	
Києво-Святошинський район	Забір’я	довідка	402	402	
Києво-Святошинський район	Катюжанка	довідка	402	378, 400, 402	
Києво-Святошинський район	Княжичі	довідка	402	402	
Києво-Святошинський район	Козаровичі	довідка	402	379, 395, 402, 407	
Києво-Святошинський район	Крюківщина	довідка	402	401, 402	
Києво-Святошинський район	Лебедівка	довідка	402	402, 403, 407	
Києво-Святошинський район	Литвинівка	довідка	403	403	
Києво-Святошинський район	Личанка	довідка	403	403	
Києво-Святошинський район	Лютіж	довідка	403	13, 55, 373, 403	
Києво-Святошинський район	Микільська Борщагівка	довідка	403	403	
Києво-Святошинський район	Мироцьке	довідка	403	403	
Києво-Святошинський район	Михайлівка-Рубежівка	довідка	404	404	
Києво-Святошинський район	Музичі	довідка	404	19, 404	
Києво-Святошинський район	Нижча Дубечня	довідка	404	404	
Києво-Святошинський район	Нові Петрівці	довідка	404	373, 404, 405	
Києво-Святошинський район	Новосілки	довідка	404	404, 405	
Києво-Святошинський район	Петропавлівська Борщагівка	довідка	405	390, 405	
Києво-Святошинський район	Петрушки	довідка	405	405	
Києво-Святошинський район	Пірнове	довідка	405	405	
Києво-Святошинський район	Синяк	довідка	405	405	
Києво-Святошинський район	Софіївська Борщагівка	довідка	405	390, 405	
Києво-Святошинський район	Старі Петрівці	довідка	405	405, 406	
Києво-Святошинський район	Сувид	довідка	406	406	
Києво-Святошинський район	Сухолуччя	довідка	406	-	
Києво-Святошинський район	Тарасівка	довідка	406	361, 365, 400, 406	
Києво-Святошинський район	Толокунь	довідка	406	406	
Києво-Святошинський район	Ходосівка	довідка	406	389, 406	
Києво-Святошинський район	Хотів	довідка	406	48, 406, 407	
Києво-Святошинський район	Хотянівка	довідка	407	407	
Києво-Святошинський район	Шпитьки	довідка	407	389, 403, 407	
Києво-Святошинський район	Ясногородка	довідка	407	? (2 однойменних)	
Макарівський район	Макарів	нарис	408	55, 408-419, 421, 680	https://mistok.wiki/mistse/makariv
Макарівський район	Бишів	нарис	420	18, 264, 409, 420-429	https://mistok.wiki/mistse/byshiv
Макарівський район	Андріївка	довідка	430	421, 430	https://mistok.wiki/mistse/andriivka
Макарівський район	Борівка	довідка	430	415, 430	
Макарівський район	Великий Карашин	довідка	430	430, 433	https://mistok.wiki/mistse/velykyi-karashyn
Макарівський район	Весела Слобода	довідка	430	430	https://mistok.wiki/mistse/vesela-sloboda
Макарівський район	Гавронщина	довідка	430	415, 430, 431, 434	https://mistok.wiki/mistse/havronshchyna
Макарівський район	Грузьке	довідка	431	431	https://mistok.wiki/mistse/hruzke
Макарівський район	Забуяння	довідка	431	415, 431, 433	https://mistok.wiki/mistse/zabuiannia
Макарівський район	Кодра	довідка	431	47, 431	https://mistok.wiki/mistse/kodra
Макарівський район	Козичанка	довідка	431	431	https://mistok.wiki/mistse/kozychanka
Макарівський район	Колонщина	довідка	431	431, 432	https://mistok.wiki/mistse/kolonshchyna
Макарівський район	Комарівка	довідка	432	432	https://mistok.wiki/mistse/komarivka
Макарівський район	Копилів	довідка	432	432	https://mistok.wiki/mistse/kopyliv
Макарівський район	Королівка	довідка	432	432	https://mistok.wiki/mistse/korolivka
Макарівський район	Липівка	довідка	432	415, 432, 433	https://mistok.wiki/mistse/lypivka
Макарівський район	Лишня	довідка	433	420, 433	https://mistok.wiki/mistse/lyshnia
Макарівський район	Макарівська Буда	довідка	433	415, 433	https://mistok.wiki/mistse/makarivska-buda
Макарівський район	Мар’янівка	довідка	433	433	https://mistok.wiki/mistse/marianivka
Макарівський район	Мостище	довідка	433	433	https://mistok.wiki/mistse/mostyshche
Макарівський район	Мотижин	довідка	433	433, 434	https://mistok.wiki/mistse/motyzhyn
Макарівський район	Наливайківка	довідка	433	433	https://mistok.wiki/mistse/nalyvaikivka
Макарівський район	Небелиця	довідка	433	433	https://mistok.wiki/mistse/nebelytsia
Макарівський район	Ніжиловичі	довідка	434	415, 434	https://mistok.wiki/mistse/nizhylovychi
Макарівський район	Новосілки	довідка	434	434	https://mistok.wiki/mistse/novosilky
Макарівський район	Пашківка	довідка	434	434	https://mistok.wiki/mistse/pashkivka
Макарівський район	Плахтянка	довідка	434	434	https://mistok.wiki/mistse/plakhtianka
Макарівський район	Рожів	довідка	434	421, 434	https://mistok.wiki/mistse/rozhiv
Макарівський район	Ситняки	довідка	434	434, 435	https://mistok.wiki/mistse/sytniaky
Макарівський район	Соснівка	довідка	435	435	https://mistok.wiki/mistse/sosnivka
Макарівський район	Фасова	довідка	435	435	https://mistok.wiki/mistse/fasova
Макарівський район	Чорногородка	довідка	435	426, 435, 682	https://mistok.wiki/mistse/chornohorodka
Макарівський район	Юрівка	довідка	435	435	https://mistok.wiki/mistse/yurivka
Макарівський район	Яблунівка	довідка	435	435	https://mistok.wiki/mistse/yablunivka
Макарівський район	Ясногородка	довідка	435	435	https://mistok.wiki/mistse/yasnohorodka
Миронівський район	Миронівка	нарис	436	14, 38, 47, 55, 67, 149, 334, 436-448, 459-463, 673	
Миронівський район	Маслівка	нарис	449	449-458, 554	
Миронівський район	Ведмедівка	довідка	459	459	
Миронівський район	Вікторівка	довідка	459	459	
Миронівський район	Владиславка	довідка	459	549	
Миронівський район	Грушів	довідка	459	459	
Миронівський район	Ємчиха	довідка	459	453, 459, 460	
Миронівський район	Зеленьки	довідка	460	441, 460	
Миронівський район	Карапиші	довідка	460	459-461	
Миронівський район	Кип’ячка	довідка	460	460	
Миронівський район	Козин	довідка	460	439, 441, 453, 460	
Миронівський район	Македони	довідка	460	460, 461	
Миронівський район	Малий Букрин	довідка	461	461	
Миронівський район	Олександрівка	довідка	461	441, 461	
Миронівський район	Пії	довідка	461	341, 461	
Миронівський район	Потік	довідка	461	453, 461, 462	
Миронівський район	Пустовіти	довідка	462	462	
Миронівський район	Росава	довідка	462	? (2 однойменних)	
Миронівський район	Тулинці	довідка	462	462	
Миронівський район	Шандра	довідка	462	462, 463	
Миронівський район	Юхни	довідка	463	463	
Миронівський район	Яхни	довідка	463	463	
Обухівський район	Обухів	нарис	464	14, 26, 28, 33, 37, 55, 156, 357, 464-473, 479, 486, 490	
Обухівський район	Григорівка	нарис	474	42, 250, 357, 467, 474-480, 486, 487	
Обухівський район	Трипілля	нарис	483	11, 18, 26, 28, 37, 467, 469, 474, 483-493, 495, 690	
Обухівський район	Великі Дмитровичі	довідка	492	13, 492, 494	
Обухівський район	Верем’я	довідка	492	11, 492	
Обухівський район	Витачів	довідка	492	492	
Обухівський район	Дерев’яна	довідка	492	11, 492	
Обухівський район	Деремезна	довідка	492	492	
Обухівський район	Долина	довідка	492	474, 492, 493	
Обухівський район	Жуківці	довідка	493	13, 493	
Обухівський район	Козин	довідка	493	493	
Обухівський район	Копачів	довідка	493	493	
Обухівський район	Красне Перше	довідка	493	493	
Обухівський район	Красне Друге	довідка	493	493, 494	
Обухівський район	Красна Слобідка	довідка	494	494	
Обухівський район	Мала Вільшанка	довідка	494	276, 494	
Обухівський район	Перегонівка	довідка	494	494	
Обухівський район	Підгірці	довідка	494	11, 494	
Обухівський район	Семенівка	довідка	494	492, 494	
Обухівський район	Старі Безрадичі	довідка	494	494, 495	
Обухівський район	Українка	довідка	495	420, 495	
Обухівський район	Халеп’я	довідка	495	11, 62, 486, 492, 495	
Обухівський район	Щербанівка	довідка	495	490, 495	
Переяслав-Хмельницький район	Переяслав-Хмельницький	нарис	496	13, 55, 69, 496-515	
Переяслав-Хмельницький район	Жовтневе	нарис	515	64, 515-522, 525	
Переяслав-Хмельницький район	Велика Каратуль	довідка	523	523	
Переяслав-Хмельницький район	В’юнище	довідка	523	523	
Переяслав-Хмельницький район	Гланишів	довідка	523	523	
Переяслав-Хмельницький район	Горбані	довідка	523	523	
Переяслав-Хмельницький район	Григорівка	довідка	523	55, 523, 524	
Переяслав-Хмельницький район	Дем’янці	довідка	524	524	
Переяслав-Хмельницький район	Дениси	довідка	524	524	
Переяслав-Хмельницький район	Дівички	довідка	524	524	
Переяслав-Хмельницький район	Єрківці	довідка	525	525	
Переяслав-Хмельницький район	Лецьки	довідка	525	525	
Переяслав-Хмельницький район	Мала Каратуль	довідка	525	525	
Переяслав-Хмельницький район	Переяславське	довідка	525	521, 525	
Переяслав-Хмельницький район	Пологи-Вергуни	довідка	526	508, 526	
Переяслав-Хмельницький район	Пологи-Яненки	довідка	526	508, 526	
Переяслав-Хмельницький район	Помоклі	довідка	526	256	
Переяслав-Хмельницький район	Пристроми	довідка	526	526, 527	
Переяслав-Хмельницький район	Соснова	довідка	527	? (2 однойменних)	
Переяслав-Хмельницький район	Стовп’яги	довідка	527	527	
Переяслав-Хмельницький район	Ташань	довідка	527	-	
Переяслав-Хмельницький район	Хоцьки	довідка	527	527	
Поліський район	Поліське	нарис	528	47, 311, 528-537	
Поліський район	Бобер	довідка	537	537	
Поліський район	Буда-Варовичі	довідка	537	537	
Поліський район	Варовичі	довідка	537	537	
Поліський район	Вільча	довідка	537	528, 537-539, 540	
Поліський район	Вовчків	довідка	537	537	
Поліський район	Городещина	довідка	537	-	
Поліський район	Денисовичі	довідка	538	538	
Поліський район	Діброва	довідка	538	538	
Поліський район	Жовтневе	довідка	538	538	
Поліський район	Залишани	довідка	538	538	
Поліський район	Кливини	довідка	538	538	
Поліський район	Красятичі	довідка	538	538	
Поліський район	Луб’янка	довідка	539	539	
Поліський район	Луговики	довідка	539	539	
Поліський район	Максимовичі	довідка	539	539	
Поліський район	Мартиновичі	довідка	539	539	
Поліський район	Мар’янівка	довідка	540	540	
Поліський район	Млачівка	довідка	540	540	
Поліський район	Новий Мир	довідка	540	540	
Поліський район	Рагівка	довідка	540	540	
Поліський район	Радинка	довідка	540	540	
Поліський район	Стещина	довідка	540	540	
Поліський район	Тараси	довідка	540	540	
Поліський район	Шкнева	довідка	540	540	
Рокитнянський район	Рокитне	нарис	541	141, 146, 541-551, 560, 562, 563, 610, 623, 624, 651	
Рокитнянський район	Телешівка	нарис	551	551-559	
Рокитнянський район	Бирюки	довідка	560	560	
Рокитнянський район	Житні Гори	довідка	560	560	
Рокитнянський район	Запруддя	довідка	560	560	
Рокитнянський район	Луб’янка	довідка	560	560	
Рокитнянський район	Макіївка	довідка	560	143	
Рокитнянський район	Мовчанівка	довідка	560	549, 560, 561	
Рокитнянський район	Насташка	довідка	561	561	
Рокитнянський район	Ольшаниця	довідка	561	541, 553, 560, 561, 563, 610, 619, 633, 642, 649, 650-652	
Рокитнянський район	Острів	довідка	562	562	
Рокитнянський район	Ромашки	довідка	562	13, 553, 554, 562	
Рокитнянський район	Савинці	довідка	562	562	
Рокитнянський район	Синява	довідка	562	545, 562, 563, 623	
Рокитнянський район	Шарки	довідка	563	554, 563	
Сквирський район	Сквира	нарис	564	10, 20, 24, 28, 37, 41, 43, 45, 47, 55, 103, 300, 564-577, 586, 595, 694, 696	
Сквирський район	Великополовецьке	нарис	577	577-583	
Сквирський район	Шамраївка	нарис	583	583-590, 673	
Сквирський район	Антонів	довідка	591	285, 591	
Сквирський район	Буки	довідка	591	285, 591	
Сквирський район	Великі Єрчики	довідка	591	568, 591	
Сквирський район	Горобіївка	довідка	591	591	
Сквирський район	Домантівка	довідка	592	566, 592	
Сквирський район	Дулицьке	довідка	592	592	
Сквирський район	Кам’яна Гребля	довідка	592	592	
Сквирський район	Красноліси	довідка	592	592	
Сквирський район	Кривошиїнці	довідка	592	-	
Сквирський район	Ленінське	довідка	593	593, 595	
Сквирський район	Малі Єрчики	довідка	593	572, 581, 593	
Сквирський район	Малі Лисівці	довідка	593	573, 593	
Сквирський район	Мала Михайлівка	довідка	593	593	
Сквирський район	Мовчанівка	довідка	594	594	
Сквирський район	Оріховець	довідка	594	594	
Сквирський район	Пищики	довідка	594	133, 594	
Сквирський район	Пустоварівка	довідка	594	293, 594	
Сквирський район	Рогізна	довідка	595	595	
Сквирський район	Самгородок	довідка	595	568, 595	
Сквирський район	Селезанівка	довідка	595	-	
Сквирський район	Таборів	довідка	595	595	
Сквирський район	Тхорівка	довідка	595	595, 596	
Сквирський район	Шаліївка	довідка	595	596	
Сквирський район	Шапіївка	довідка	595	596	
Ставищенський район	Ставище	нарис	597	24, 28, 30, 55, 285, 542, 597-607, 610, 650, 673	
Ставищенський район	Іванівка	нарис	608	608-614	
Ставищенський район	Антонівка	довідка	615	615	
Ставищенський район	Бесідка	довідка	615	609, 615	
Ставищенський район	Брилівка	довідка	615	615	
Ставищенський район	Василиха	довідка	615	615, 623, 636	
Ставищенський район	Винарівка	довідка	615	615, 616	
Ставищенський район	Гейсиха	довідка	616	616	
Ставищенський район	Гостра Могила	довідка	616	609, 610, 616	
Ставищенський район	Журавлиха	довідка	616	616	
Ставищенський район	Красилівка	довідка	616	609, 616	
Ставищенський район	Кривець	довідка	617	617	
Ставищенський район	Попружна	довідка	617	617	
Ставищенський район	Розкішна	довідка	617	617	
Ставищенський район	Розумниця	довідка	617	617	
Ставищенський район	Сніжки	довідка	617	617, 618	
Ставищенський район	Станіславчик	довідка	618	618	
Ставищенський район	Стрижавка	довідка	618	618	
Ставищенський район	Торчиця	довідка	618	618	
Ставищенський район	Юрківка	довідка	618	618	
Ставищенський район	Ясенівка	довідка	618	618	
Таращанський район	Тараща	нарис	619	28, 36, 43, 49, 55, 149, 169, 259, 544, 562, 602, 610, 619-634, 636, 642-644, 646, 650, 668, 676	
Таращанський район	Ківшувата (нерозбірливо: 63 і пошкоджена остання цифра, 3 або 5)	?	-	-	
Таращанський район	Лісовичі	нарис	642	623, 629, 642-648	
Таращанський район	Велика Березянка	довідка	649	649	
Таращанський район	Велика Вовнянка	довідка	649	646, 649	
Таращанський район	Кирдани	довідка	649	629, 643, 649	
Таращанський район	Косяківка	довідка	649	649	
Таращанський район	Круті Горби	довідка	650	650	
Таращанський район	Лука	довідка	650	610, 640, 650	
Таращанський район	Лук’янівка	довідка	650	650	
Таращанський район	Петрівське	довідка	650	650	
Таращанський район	Плоске	довідка	650	650	
Таращанський район	Ріжки	довідка	651	651	
Таращанський район	Салиха	довідка	651	651	
Таращанський район	Северинівка	довідка	615	? (2 однойменних)	
Таращанський район	Станишівка	довідка	651	650, 651	
Таращанський район	Степок	довідка	651	634, 651	
Таращанський район	Чапаєвка	довідка	652	652	
Таращанський район	Чернин	довідка	652	646, 652	
Тетіївський район	Тетіїв	нарис	653	55, 285, 300-302, 610, 653-664, 668, 673, 678	
Тетіївський район	Кашперівка	нарис	665	302, 654, 665-675	
Тетіївський район	Бурківці	довідка	674	674	
Тетіївський район	Високе	довідка	674	674	
Тетіївський район	Галайки	довідка	674	674	
Тетіївський район	Голодьки	довідка	674	674	
Тетіївський район	Горошків	довідка	674	674	
Тетіївський район	Денихівка	довідка	674	674	
Тетіївський район	Дзвеняче	довідка	675	675	
Тетіївський район	Дібрівка	довідка	675	675	
Тетіївський район	Клюки	довідка	675	675	
Тетіївський район	Кошів	довідка	675	675	
Тетіївський район	Ненадиха	довідка	676	-	
Тетіївський район	П’ятигори	довідка	676	285, 620, 654, 657, 666, 676	
Тетіївський район	Росішки	довідка	676	655, 676	
Тетіївський район	Скибинці	довідка	677	30, 677	
Тетіївський район	Стадниця	довідка	677	? (2 однойменних)	
Тетіївський район	Степове	довідка	677	677	
Тетіївський район	Тайниця	довідка	677	677	
Тетіївський район	Теліжинці	довідка	677	677, 678	
Тетіївський район	Черепин	довідка	678	657, 668, 678	
Фастівський район	Фастів	нарис	679	10, 18, 20, 28, 32-34, 38, 44, 47, 49, 55, 61, 64, 69, 101, 152, 363, 420, 426, 431, 433, 435, 437, 474, 679-694, 702-705	
Фастівський район	Триліси	нарис	694	45, 248, 564, 566, 694-702	
Фастівський район	Борова	довідка	702	47, 702	
Фастівський район	Бортники	довідка	702	702	
Фастівський район	Велика Снітинка	довідка	702	702	
Фастівський район	Великі Гуляки	довідка	702	702	
Фастівський район	Веприк	довідка	702	702, 703	
Фастівський район	Волиця	довідка	703	703	
Фастівський район	Дідівщина	довідка	703	13, 30, 703	
Фастівський район	Дмитрівка	довідка	703	703	
Фастівський район	Дорогинка	довідка	703	688, 703, 704	
Фастівський район	Кожанка	довідка	704	529, 703, 704, 707	
Фастівський район	Мала Снітинка	довідка	704	704	
Фастівський район	Малополовецьке	довідка	704	125, 581, 704	
Фастівський район	Мотовилівська Слобідка	довідка	704	-	
Фастівський район	Оленівка	довідка	704	264, 704, 705	
Фастівський район	Паляничинці	довідка	705	705	
Фастівський район	Пилипівка	довідка	705	-	
Фастівський район	Пришивальня	довідка	705	705	
Фастівський район	Скригалівка	довідка	705	705	
Фастівський район	Томашівка	довідка	706	706	
Фастівський район	Фастівець	довідка	706	13, 280, 706	
Фастівський район	Червона Мотовилівка	довідка	706	706, 707	
Фастівський район	Яхни	довідка	707	707	
Чорнобильський район	Чорнобиль	нарис	708	10, 14, 18, 28, 33, 43, 53, 410, 708-717	
Чорнобильський район	Горностайпіль	нарис	717	53, 717-723, 727	
Чорнобильський район	Дитятки	довідка	724	718, 727	
Чорнобильський район	Залісся	довідка	724	724	
Чорнобильський район	Замошня	довідка	724	724	
Чорнобильський район	Зимовище	довідка	724	724	
Чорнобильський район	Зорин	довідка	724	724	
Чорнобильський район	Іллінці	довідка	724	714	
Чорнобильський район	Копачі	довідка	724	724, 725	
Чорнобильський район	Корогод	довідка	725	724, 725	
Чорнобильський район	Крива Гора	довідка	725	725	
Чорнобильський район	Купувате	довідка	725	725	
Чорнобильський район	Ладижичі	довідка	725	725, 727	
Чорнобильський район	Машеве	довідка	725	725	
Чорнобильський район	Новошепеличі	довідка	725	725	
Чорнобильський район	Опачичі	довідка	726	726	
Чорнобильський район	Паришів	довідка	726	726	
Чорнобильський район	Річиця	довідка	726	726	
Чорнобильський район	Розсоха	довідка	726	726	
Чорнобильський район	Старі Шепеличі	довідка	726	726	
Чорнобильський район	Стечанка	довідка	726	726	
Чорнобильський район	Страхолісся	довідка	727	727	
Чорнобильський район	Теремці	довідка	727	727	
Чорнобильський район	Терехів	довідка	727	727	
Чорнобильський район	Товстий Ліс	довідка	727	538, 539, 727	
Чорнобильський район	Чапаєвка	довідка	727	11, 727	
Чорнобильський район	Черевач	довідка	727	727	
Чорнобильський район	Чистогалівка	довідка	727	727	
Яготинський район	Яготин	нарис	728	26, 62, 75, 479, 523, 524, 527, 564, 728-739, 748	
Яготинський район	Згурівка	нарис	739	26, 739-745, 748	
Яготинський район	Аркадіївка	довідка	746	739, 746	
Яготинський район	Безуглівка	довідка	746	746	
Яготинський район	Богданівка	довідка	746	746	
Яготинський район	Годунівка	довідка	746	746	
Яготинський район	Жовтневе	довідка	746	746	
Яготинський район	Жоравка	довідка	746	746, 747, 731	
Яготинський район	Засупоївка	довідка	747	747	
Яготинський район	Капустинці	довідка	747	747	
Яготинський район	Красне	довідка	747	747	
Яготинський район	Кулябівка	довідка	747	747	
Яготинський район	Лемешівка	довідка	747	747	
Яготинський район	Лизогубова Слобода	довідка	747	747	
Яготинський район	Лозовий Яр	довідка	747	747	
Яготинський район	Мала Березанка	довідка	747	747	
Яготинський район	Ничипорівка	довідка	748	-	
Яготинський район	Нова Олександрівка	довідка	748	-	
Яготинський район	Нова Оржиця	довідка	748	748	
Яготинський район	Панфили	довідка	748	748	
Яготинський район	Пасківщина	довідка	748	748	
Яготинський район	Райківщина	довідка	748	748	
Яготинський район	Середівка	довідка	748	748	
Яготинський район	Сотниківка	довідка	748	748	
Яготинський район	Стара Оржиця	довідка	748	748	
Яготинський район	Сулимівка	довідка	748	748-749	
Яготинський район	Супоївка	довідка	749	749	
Яготинський район	Турівка	довідка	749	749	
Яготинський район	Фарбоване	довідка	749	749	
Яготинський район	Черевки	довідка	749	749	
Яготинський район	Черняхівка	довідка	749	? (3 однойменних)	
