ref	nazva	rik	arkhiv	fond	opys	sprava	url
adm-makariv-istoriia-2017	«Історія с. Андріївка», сторінка сайту Макарівської районної адміністрації adm-makariv.gov.ua	2017					https://web.archive.org/web/20170228045343/http://adm-makariv.gov.ua/index.php?option=com_content&view=article&id=152
adm-makariv-istoriia-mostyshche	«Історія с. Мостище», сторінка сайту Макарівської районної державної адміністрації adm-makariv.gov.ua (опубліковано 22.04.2011)	2011					https://web.archive.org/web/20170301022108/http://adm-makariv.gov.ua/index.php?option=com_content&view=article&id=237
aiuzr-1-4-1871	Архив Юго-Западной России. Ч. 1, т. 4: Акты объ уніи и состояніи православной церкви съ половины XVII вѣка (1648-1798). Київ, 1871	1871					https://commons.wikimedia.org/wiki/Category:Archive_of_South-West_Russia
aiuzr-3-1-1863	«Архивъ Юго-Западной Россіи». Часть 3, томъ 1: «Акты о козакахъ» (1500-1648). Кіевъ, 1863	1863					https://archive.org/details/aruzr-3-1
aiuzr-3-3-1876	«Архивъ Юго-Западной Россіи». Часть 3, томъ 3: «Акты о гайдамакахъ» (1700-1768). Кіевъ, 1876 (ред. і передмова В. Б. Антоновича)	1876					https://archive.org/details/aruzr3-3
aiuzr-7-3-1905	Архив Юго-Западной России, издаваемый Временною комиссиею для разбора древних актов. Часть VII, том III. Акты о заселеніи Южной Россіи XVI-XVIII в.в. Київ, 1905	1905					https://commons.wikimedia.org/wiki/File:%D0%90%D1%80%D1%85%D0%B8%D0%B2_%D0%AE%D0%B3%D0%BE-%D0%97%D0%B0%D0%BF%D0%B0%D0%B4%D0%BD%D0%BE%D0%B9_%D0%A0%D0%BE%D1%81%D1%81%D0%B8%D0%B8_%D0%B8%D0%B7%D0%B4%D0%B0%D0%B2%D0%B0%D0%B5%D0%BC%D1%8B%D0%B9_%D0%B2%D1%80%D0%B5%D0%BC%D0%B5%D0%BD%D0%BD%D0%BE%D1%8E_%D0%BA%D0%BE%D0%BC%D0%B8%D1%81%D1%81%D0%B8%D0%B5%D1%8E_%D0%B4%D0%BB%D1%8F_%D1%80%D0%B0%D0%B7%D0%B1%D0%BE%D1%80%D0%B0_%D0%B4%D1%80%D0%B5%D0%B2%D0%BD%D0%B8%D1%85_%D0%B0%D0%BA%D1%82%D0%BE%D0%B2_%D0%A7%D0%B0%D1%81%D1%82%D1%8C_7_%D0%A2%D0%BE%D0%BC_3_.pdf
andriivska-rada-hedz	Гедз В. З глибин історії: село Андріївка	2019					http://andriivska.rada.arhiv.org.ua/selo-andriivka-15-06-58-28-02-2019
antonovych-1895	Антонович В. Б. Археологическая карта Кіевской губерніи. Приложеніе къ XV т. «Древностей». Москва, 1895	1895					https://archive.org/details/libgen_00326220
archium-dako	ARCHIUM ДАКО, повнотекстовий пошук по порталу						https://archium.dako.gov.ua/search?q=Козичанка&search_type=digitized
archium-p4373	Первинна організація Компартії України Кодрянського торфопідприємства, Макарівський район	1945-1981	ДАКО	П-4373			https://archium.dako.gov.ua/fonds/7816/
archium-p5060	Первинна організація Компартії України колгоспу «Україна», с. Забуяння	1946-1952	ДАКО	П-5060			https://archium.dako.gov.ua/inventories/11044/
archium-yasnohorodka	ARCHIUM, каталог оцифрованих справ Державного архіву Київської області: фонди, описи й справи з Ясногородкою		ДАКО				https://archium.dako.gov.ua/search?q=Ясногородка&search_type=digitized
arkhivy-ukrainy-1969	«Архіви України», науково-практичний журнал Головархіву УРСР						https://libraria.ua/
arkhivy-ukrainy-1970	«Архіви України», науково-інформаційний бюлетень, 1970, № 2 (1 березня)	1970					https://libraria.ua/issues/1288/103546/
arkhivy-ukrainy-1998	Архіви України, № 1, 1998, с. 169: некролог Онисії Кіндратівни Попової	1998					https://libraria.ua/issues/1288/103672/?PageNumber=169&ArticleId=3470784
armyinform-2023	АрміяInform, репортаж про памʼятник біля церкви в с. Липівка й про Віталія Кайгородова	2023					https://armyinform.com.ua/2023/04/07/na-kyyivshhyni-vstanovyly-pamyatnyk-zagyblym-v-boyu-za-selo-lypivka-bijczyam/
atp-ursr-1947	Українська РСР. Адміністративно-територіальний поділ. Київ, Укрвидав політлітератури, 1947	1947					https://archive.org/details/ukrajinska-rsr-administraryvno--terytorialnyj-podil_1947
atp-ursr-1962	Українська РСР. Адміністративно-територіальний поділ на 1 січня 1962 року. Київ: Держполітвидав УРСР, 1962	1962					https://omeka.nibu.kyiv.ua/s/nibu/item/5709
atp-ursr-1987	Українська РСР. Адміністративно-територіальний устрій на 1 січня 1987 року. Упоряд. П. М. Гринюк, А. Я. Сидорін. Київ: Головна редакція УРЕ, 1987	1987					https://omeka.nibu.kyiv.ua/s/nibu/item/5848
azr-1-1846	Акты, относящіеся къ исторіи Западной Россіи. Т. 1: 1340-1506. СПб., 1846	1846					https://archive.org/details/azr_1
bilshovyk-kyiv	«Більшовик», щоденна газета, Київ	1919-1925					https://libraria.ua/
btsau-istoriia	Білоцерківський національний аграрний університет, «Історія університету»						https://btsau.com.ua/Istoriya-universitetu
buket-gruzke-2001	Букет Є. Історія українського села Грузьке. Київ: Логос, 2001	2001					https://commons.wikimedia.org/wiki/File:Gruzke_History_by_Yevhen_Buket.pdf
buket-kolonshchyna-2008	Букет Є. В. Історія українського села. Колонщина. Вінниця: Теза, 2008	2008					https://commons.wikimedia.org/wiki/File:Kolonshchyna_History_by_Yevhen_Buket.jpg
buket-komarivka-2004	Букет Є. В. Комарівка. Київ: Логос, 2004. 88 с., іл. (Історія українського села)	2004					https://commons.wikimedia.org/wiki/File:Komarivka_History_by_Yevhen_Buket.pdf
buket-koshyts-2024	Букет Є. В. Спадщина братів Кошиців: невідомі сторінки з історії двох сіл на Фастівщині // Всесвіт. 2024. № 1-4. С. 299-305	2024					https://www.vsesvit-journal.com/wp-content/uploads/1-4-2024-buket.pdf
buket-kozychanka-2003	Букет Є. Історія українського села. Козичанка. Київ: Логос, 2003	2003					https://commons.wikimedia.org/wiki/File:Kozychanka_History_by_Yevhen_Buket.pdf
buket-kraieznavstvo-2016	Букет Є. До проблеми датування населених пунктів на території сучасного Макарівського району Київської області // Краєзнавство: науковий журнал. 2016. Ч. 3-4 (96-97). С. 63-75	2016					https://nsku.org.ua/wp-content/uploads/2017/01/%D0%9A%D1%80%D0%B0%D1%94%D0%B7%D0%BD%D0%B0%D0%B2%D1%81%D1%82%D0%B2%D0%BE_%E2%84%9634_2016.pdf
buket-narysy-2006	Ащенко Н. В., Букет Є. В. Нариси з історії Макарівського району. Київ: Логос, 2006	2006					https://commons.wikimedia.org/wiki/File:Narysy_z_istorii_Makarivskoho_raionu.pdf
byshiv-hromada	Бишівська сільська територіальна громада, офіційний сайт						https://byshiv-rada.gov.ua/
cdiak-1164	Метричні книги єврейських громад Київської губернії (Київський рабинат)	1850-1874	ЦДІАК	1164	2		https://uk.wikisource.org/wiki/Архів:ЦДІАК/1164
cdiak-1164-2-4	Метрична книга єврейської громади м-ка Бишів про смерть, 1854 рік	1854	ЦДІАК	1164	2	4	https://commons.wikimedia.org/wiki/File:%D0%A6%D0%94%D0%86%D0%90%D0%9A_1164-2-4._1854._%D0%9C%D0%B5%D1%82%D1%80%D0%B8%D1%87%D0%BD%D0%B0_%D0%BA%D0%BD%D0%B8%D0%B3%D0%B0_%D1%94%D0%B2%D1%80%D0%B5%D0%B9%D1%81%D1%8C%D0%BA%D0%BE%D1%97_%D0%B3%D1%80%D0%BE%D0%BC%D0%B0%D0%B4%D0%B8_%D0%BC-%D0%BA%D0%B0_%D0%91%D0%B8%D1%88%D1%96%D0%B2_%D0%BF%D1%80%D0%BE_%D1%81%D0%BC%D0%B5%D1%80%D1%82%D1%8C.pdf
cdiak-127	Київська духовна консисторія		ЦДІАК	127			https://uk.wikisource.org/wiki/Архів:ЦДІАК/127
cdiak-127-1009-164	Клірова відомість Миколаївської церкви с. Небелиця	1820	ЦДІАК	127	1009	164	
cdiak-127-1009-32	Клірова відомість Миколаївської церкви с. Небелиця	1805	ЦДІАК	127	1009	32	
cdiak-127-1009-56	Відомості про Козичанку: 78 дворів, 624 особи	1809	ЦДІАК	127	1009	56	
cdiak-127-1010-200	Відомості про школу в Козичанці: селянське товариство виділяло 60 руб., навчалося 30 хлопчиків і 2 дівчинки	1887	ЦДІАК	127	1010	200	
cdiak-127-1011-1480	Клірові відомості церков Київського повіту за 1851 рік	1851	ЦДІАК України	127	1011	1480	https://www.familysearch.org/search/catalog/1387665
cdiak-127-1011-2154	Клірова відомість Миколаївської церкви с. Небелиця	1841	ЦДІАК	127	1011	2154	
cdiak-127-1012	Метричні книги Київської духовної консисторії		ЦДІАК	127	1012		
cdiak-127-1012-2024	Метрична книга Покровської церкви с. Липівка (з приписними селами) за 1841 рік	1841	ЦДІАК	127	1012	2024	
cdiak-127-1012-2027	ЦДІАК України, ф. 127, оп. 1012, спр. 2027. Метрична книга Покровської церкви с. Забуяння Київського повіту, 1841	1841					https://www.familysearch.org/search/catalog/1387665
cdiak-127-1012-2355	Метрична книга Миколаївської церкви с. Небелиця за 1846 рік	1846	ЦДІАК	127	1012	2355	
cdiak-127-1014-244	Метричні книги церков св. Миколая с. Ясногородка і Різдва Пресвятої Богородиці с. Глібівка Київського повіту за 1856 рік	1856	ЦДІАК	127	1014	244	https://uk.wikisource.org/wiki/Архів:ЦДІАК/127/1014
cdiak-127-1015	Сповідні розписи церков Київської єпархії		ЦДІАК	127	1015		https://uk.wikisource.org/wiki/Архів:ЦДІАК/127/1015
cdiak-127-1015-1866	Сповідний розпис церкви Різдва Богородиці містечка Ясногородка Київського повіту за 1866 рік, 5-та частина благочиння	1866	ЦДІАК	127	1015	1108-1110	https://uk.wikisource.org/wiki/Архів:ЦДІАК/127/1015
cdiak-127-1015-242	Сповідні розписи церков м. Києва та Київського повіту	1816	ЦДІАК	127	1015	242	https://uk.wikisource.org/wiki/Архів:ЦДІАК/127/1015
cdiak-127-1015-369	Сповідні розписи церков м. Києва та Київського повіту за 1826 рік	1826	ЦДІАК	127	1015	369	https://uk.wikisource.org/wiki/Архів:ЦДІАК/127/1015
cdiak-127-1015-558	Сповідні розписи церков Радомишльського повіту за 1838 рік: Свято-Михайлівська с. Ніжиловичі, Миколаївська с. Небелиця та інші	1838	ЦДІАК	127	1015	558	https://uk.wikisource.org/wiki/Архів:ЦДІАК/127/1015
cdiak-127-1017-72	Сповідний розпис церков Різдва Христового с. Козичанка Київського повіту та Йорданського дівочого монастиря на Подолі	1802	ЦДІАК	127	1017	72	
cdiak-127-1078	Метричні книги церков Київського повіту		ЦДІАК	127	1078		https://uk.wikisource.org/wiki/Архів:ЦДІАК/127/1078
cdiak-127-1078-163	Метрична книга про народження церкви Покрова Пресвятої Богородиці с. Липівка Київського повіту	1878-1884	ЦДІАК	127	1078	163	
cdiak-127-1078-182	Метрична книга церков Покрова Пресвятої Богородиці с. Липівка, св. Іллі м-ка Макарів, св. Георгія м-ка Мотижин, св. Миколая с. Наливайківка, Різдва Христового с. Ситняки, св. Миколая с. Фасова Київського повіту, 1896 рік		ЦДІАК	127	1078	182	
cdiak-127-1078-205	Метрична книга церков Вознесіння Господнього с. Халепʼя, Пресвятої Трійці с. Хамбиків, Покрова Пресвятої Богородиці с. Шибене, св. Георгія с. Шубівка, Різдва Пресвятої Богородиці м-ка Ясногородка Київського повіту за 1903 рік, 271 аркуш	1903	ЦДІАК	127	1078	205	https://uk.wikisource.org/wiki/Архів:ЦДІАК/127/1078
cdiak-127-1079	Метричні книги Київської духовної консисторії		ЦДІАК	127	1079		
cdiak-127-1973	Опис фонду 127, номер 1973		ЦДІАК	127	1973		
cdiak-127-2034	Опис фонду 127, номер 2034		ЦДІАК	127	2034		
cdiak-127-235-55	Справа про ремонт церкви Пресвятої Трійці с. Великий Карашин	1801	ЦДІАК	127	235	55	https://uk.wikisource.org/wiki/Архів:ЦДІАК/127/235
cdiak-127-235-79	Справа за скаргою дячка церкви Різдва Христова с. Козичанка Матвія Форсевича	1801	ЦДІАК	127	235	79	https://commons.wikimedia.org/wiki/File:ЦДІАК_127-235-79._1801._Справа_за_скаргою_дячка_церкви_Різдва_Христова_с._Козичанка_Матвія_Фросевича.pdf
cdiak-127-236-74	Справа про зарахування сіл Юрівка, Коптіївка і Красна Слобода до парафії церкви Пресвятої Трійці с. Великий Карашин	1802-1803	ЦДІАК	127	236	74	https://uk.wikisource.org/wiki/Архів:ЦДІАК/127/236
cdiak-127-237	Справа про пияцтво й негідну поведінку дячка Іоанна Мачуговського	1803	ЦДІАК	127		237	
cdiak-127-239-30	Справа за проханням жительки с. Гавронщина Меланії Бабиченкової (дівоче Єфименкова) про надання дозволу на другий шлюб	1805	ЦДІАК	127	239	30	https://uk.wikisource.org/wiki/Архів:ЦДІАК/127/239
cdiak-127-240	Скарга священника с. Бишів Феофана Самборського на кривди й образи дячку церкви Різдва Христового с. Козичанка Матвію Форсевичу	1806	ЦДІАК	127		240	
cdiak-127-247-36	Справа про заподіяння образ дячку Матвію Форсевичу священником Михаїлом Собиковським	1813	ЦДІАК	127	247	36	
cdiak-127-248	Визначення Климента Рубановича у священники до церкви Різдва Господнього с. Козичанка	1814-1815	ЦДІАК	127		248	
cdiak-127-257	Переміщення Демʼяна Пешковського у священники до церкви Різдва Христова с. Козичанка	1823-1824	ЦДІАК	127		257	
cdiak-127-261-65	Справа про відведення у селах Липівка і Козичанка ділянок для цвинтарів	1827-1831	ЦДІАК	127	261	65	
cdiak-127-261-66	Справа про заселення поміщиком Харлинським своїх підданих близько до церкви Різдва Пресвятої Богородиці с. Козичанка	1827	ЦДІАК	127	261	66	
cdiak-127-265	Переміщення Ієремії Махновича у священники до церкви Різдва Господнього с. Козичанка	1831-1832	ЦДІАК	127		265	
cdiak-127-416	Видача білета сину священника церкви Різдва Христового с. Козичанка Івану Борзаковському для отримання схвалення від парафіян		ЦДІАК	127		416	
cdiak-2-1-54	Втеча кріпаків шляхтича Харлінського з Козичанки	1757	ЦДІАК	2	1	54	
cdiak-2227-volynskyi-muzey	«Волинський музей»: Інвентар столових маєтків Фастівського ключа, що належали Київській і Чернігівській католицьким єпіскопіям	1784	ЦДІАК	2227	1	645	https://uk.wikisource.org/wiki/Архів:ЦДІАК/2227/1
cdiak-442-1-7625	Підпал винокурного заводу в Козичанці 9 квітня 1847 року	1847	ЦДІАК	442	1	7625	
cdiak-442-435-118	Про непокору селян сіл Людвинівки, Карашина та інших і про жорстоке поводження з селянами економа с. Людвинівки Лозинського	1848	ЦДІАК	442	435	118	https://commons.wikimedia.org/wiki/File:%D0%A6%D0%94%D0%86%D0%90%D0%9A_%D1%84%D0%BE%D0%BD%D0%B4_442_%D0%BE%D0%BF%D0%B8%D1%81_435.pdf
cdiak-442-810-132	Листування з ІІІ відділенням, київським губернатором, київським, бердичівським і сквирським земськими справниками про обшуки й арешт студентів Київського університету Рильських Ф. та Й., Василевського Г., Загурського І. та інших	1860-1862	ЦДІАК	442	810	132	
cdiak-491-75-88	Люстрація Рожевської державної маєтності	1861-1863	ЦДІАК	491	75	88	
cdiak-fs-perelik	Перелік оцифрованих справ ЦДІАК України, зроблених у рамках співпраці з міжнародною корпорацією FamilySearch		ЦДІАК				https://cdiak.archives.gov.ua/fs.php
cdiak-geo-kozy-006	База геопокажчика ЦДІАК, стаття «Козичанка»		ЦДІАК				https://cdiak.archives.gov.ua/baza_geog_pok/church/kozy_006.xml
cdiak-tserkva-andriivka	Картка географічного покажчика ЦДІАК: церква Вознесіння с. Андріївка Макарівської волості Київського повіту						http://cdiak.archives.gov.ua/baza_geog_pok/church/andr_003.xml
cdiak-tserkva-sytniaky	Картка географічного покажчика ЦДІАК: церква Різдва Христового с. Ситняки Радомисльського повіту						https://cdiak.archives.gov.ua/baza_geog_pok/church/sytn_002.xml
chaikovskyi-perepyska	П. И. Чайковский. Переписка с Н. Ф. фон Мекк, т. 3	1936					https://ru.wikisource.org/wiki/%D0%9F%D0%B5%D1%80%D0%B5%D0%BF%D0%B8%D1%81%D0%BA%D0%B0_%D1%81_%D0%9D._%D0%A4._%D1%84%D0%BE%D0%BD_%D0%9C%D0%B5%D0%BA%D0%BA_(%D0%A7%D0%B0%D0%B9%D0%BA%D0%BE%D0%B2%D1%81%D0%BA%D0%B8%D0%B9)
chervonyi-perets	«Червоний перець», сатиричний журнал, Харків						https://libraria.ua/
chornogorodka-rada-arhiv	Архівна копія сайту Чорногородської сільської ради, chornogorodka.rada.arhiv.org.ua						https://chornogorodka.rada.arhiv.org.ua/selo-chornogorodka-17-16-34-21-02-2019/
commons-andriivka	Andriivka, Makariv Raion - категорія на Wikimedia Commons						https://commons.wikimedia.org/wiki/Category:Andriivka,_Makariv_Raion
commons-byshiv	Wikimedia Commons, Category:Byshiv, Fastiv Raion						https://commons.wikimedia.org/wiki/Category:Byshiv,_Fastiv_Raion
commons-chornohorodka	Chornohorodka - категорія на Wikimedia Commons	2026					https://commons.wikimedia.org/wiki/Category:Chornohorodka
commons-fon-mekk-01	Садибний будинок фон Мекка в Копилові, фотографія Сергія Венцеславського	2021					https://commons.wikimedia.org/wiki/File:Fon_Mekk_01.jpg
commons-havronshchyna	Havronshchyna - категорія на Wikimedia Commons						https://commons.wikimedia.org/wiki/Category:Havronshchyna
commons-havronshchyna-mohyla	Grave of Petr Aleksandrovich Troubetskoy - категорія на Wikimedia Commons						https://commons.wikimedia.org/wiki/Category:Grave_of_Petr_Aleksandrovich_Troubetskoy
commons-kodra	Kodra - категорія на Wikimedia Commons	2026					https://commons.wikimedia.org/wiki/Category:Kodra
commons-komarivka	Komarivka, Bucha Raion - категорія на Wikimedia Commons						https://commons.wikimedia.org/wiki/Category:Komarivka,_Bucha_Raion
commons-kopyliv-herb	Герб і прапор Копилова, файли на Wikimedia Commons						https://commons.wikimedia.org/wiki/Category:Kopyliv
commons-kopyliv-pamiatnyk	Братська могила 127 радянських воїнів та памʼятник на честь 211 воїнів-односельців, с. Копилів, фотографії						https://commons.wikimedia.org/wiki/Category:World_War_II_memorial_in_Kopyliv
commons-korolivka	Korolivka, Makariv Raion - категорія на Wikimedia Commons	2026					https://commons.wikimedia.org/wiki/Category:Korolivka,_Makariv_Raion
commons-kozychanka	Wikimedia Commons, Category:Kozychanka						https://commons.wikimedia.org/wiki/Category:Kozychanka
commons-lypivka	Вікісховище, файли символіки й памʼяток с. Липівка						https://commons.wikimedia.org/wiki/File:Lypivka_buch_gerb.png
commons-makovyshche-herb	Герб села Маковище на Вікісховищі						https://commons.wikimedia.org/wiki/File:Makovysche_s.png
commons-malyi-karashyn	Malyi Karashyn - категорія на Wikimedia Commons						https://commons.wikimedia.org/wiki/Category:Malyi_Karashyn
commons-marianivka	Марʼянівка Макарівської громади - категорія на Wikimedia Commons						https://commons.wikimedia.org/wiki/Category:Marianivka,_Makariv_Hromada
commons-marianivka-mohyla	Братська могила в Марʼянівці - знімки на Wikimedia Commons						https://commons.wikimedia.org/wiki/File:%D0%91%D1%80%D0%B0%D1%82%D1%81%D1%8C%D0%BA%D0%B0_%D0%BC%D0%BE%D0%B3%D0%B8%D0%BB%D0%B0_28_%D0%B2%D0%BE%D1%97%D0%BD%D1%96%D0%B2_%D0%9C%D0%B0%D1%80%27%D1%8F%D0%BD%D1%96%D0%B2%D0%BA%D0%B0.jpg
commons-motyzhyn	Motyzhyn - категорія на Wikimedia Commons	2026					https://commons.wikimedia.org/wiki/Category:Motyzhyn
commons-nebelytsia	Nebelytsia - категорія на Wikimedia Commons						https://commons.wikimedia.org/wiki/Category:Nebelytsia
commons-novosilky	Вікісховище, Category:Novosilky, Boiarka Hromada						https://commons.wikimedia.org/wiki/Category:Novosilky,_Boiarka_Hromada
commons-ozerschyna	Ozerschyna - категорія на Wikimedia Commons	2026					https://commons.wikimedia.org/wiki/Category:Ozerschyna
commons-plakhtianka	Category:Plakhtianka на Вікісховищі						https://commons.wikimedia.org/wiki/Category:Plakhtianka
commons-sosnivka	Вікісховище, категорія «Sosnivka, Fastiv Raion»						https://commons.wikimedia.org/wiki/Category:Sosnivka,_Fastiv_Raion
commons-velykyi-karashyn	Velykyi Karashyn - категорія на Wikimedia Commons						https://commons.wikimedia.org/wiki/Category:Velykyi_Karashyn
commons-velykyi-karashyn-herb	Герб і прапор села Великий Карашин						https://commons.wikimedia.org/wiki/File:V_karasyn_gerb.png
commons-vesela-sloboda	Весела Слобода на Wikimedia Commons						https://commons.wikimedia.org/wiki/Category:Vesela_Sloboda
commons-wikiexpedition-makariv	Wikiexpedition to Makarivskyi raion of Kyiv Oblast - категорія на Wikimedia Commons						https://commons.wikimedia.org/wiki/Category:Wikiexpedition_to_Makarivskyi_raion_of_Kyiv_Oblast
commons-yablunivka	Yablunivka, Fastiv Raion - категорія на Wikimedia Commons						https://commons.wikimedia.org/wiki/Category:Yablunivka,_Fastiv_Raion
commons-yasnohorodka-herb	Герб села Ясногородка						https://commons.wikimedia.org/wiki/File:Yasnohor_mkr_gerb.png
commons-yasnohorodka-tserkva	Церква в Ясногородці, фотографія 28 серпня 2011 року	2011					https://commons.wikimedia.org/wiki/File:Jasnogorodka202.jpg
commons-yuriv	Yuriv - категорія на Wikimedia Commons	2026					https://commons.wikimedia.org/wiki/Category:Yuriv
commons-zabuiannia	Category:Zabuiannia на Wikimedia Commons						https://commons.wikimedia.org/wiki/Category:Zabuiannia
commons-zavalivka-pamiatnyk	Memorial sign to Soviet soldiers-countrymen in Zavalivka - категорія на Wikimedia Commons						https://commons.wikimedia.org/wiki/Category:Memorial_sign_to_Soviet_soldiers-countrymen_in_Zavalivka
dako-1239-5-208	Звіт козичанського однокласного земського училища	1912	ДАКО	1239	5	208	
dako-1542	Плани земельних ділянок Київської губернії	1813-1893	ДАКО	1542	1		https://archium.dako.gov.ua/
dako-1542-1-1348	План церковних земельних ділянок с. Карашин, відмежованих від земель князя Лопухіна	1814	ДАКО	1542	1	1348	https://archium.dako.gov.ua/
dako-1542-1-1821	Плани церковних земельних ділянок с. Небелиця Радомисльського повіту	1837	ДАКО	1542	1	1821	https://archium.dako.gov.ua/files/26066/
dako-1542-1-694	План селянських земельних ділянок с. Великий Карашин Київського повіту, відмежованих від земель поміщиці Сабанської		ДАКО	1542	1	694	https://archium.dako.gov.ua/
dako-1542-1-695	План селянських земельних ділянок с. Великий Карашин Київського повіту, відмежованих від земель поміщика Озеровського		ДАКО	1542	1	695	https://archium.dako.gov.ua/
dako-1542-1-697	Плани селянських земельних ділянок с. Горобіївка Київського повіту, відмежованих від земель поміщиків	1865-1899	ДАКО	1542	1	697	
dako-1542-1-743	Плани чиншових земельних ділянок с. Гавронщина Київського повіту, відмежованих від земель графині Трубецької	1888	ДАКО	1542	1	743	https://archium.dako.gov.ua/files/24986/
dako-1542-1-744	План земельних ділянок с. Гавронщина, що належать княгині Трубецькій	б/д	ДАКО	1542	1	744	https://archium.dako.gov.ua/files/24987/
dako-1542-1-758	Плани викупних селянських земельних ділянок с. Завалівка Київського повіту, відмежованих від земель поміщика Півші	1870	ДАКО	1542	1	758	https://commons.wikimedia.org/wiki/File:%D0%94%D0%90%D0%9A%D0%9E_1542-1-758_%D0%9F%D0%BB%D0%B0%D0%BD%D0%B8_%D0%B2%D0%B8%D0%BA%D1%83%D0%BF%D0%BD%D0%B8%D1%85_%D1%81%D0%B5%D0%BB%D1%8F%D0%BD%D1%81%D1%8C%D0%BA%D0%B8%D1%85_%D0%B7%D0%B5%D0%BC%D0%B5%D0%BB%D1%8C%D0%BD%D0%B8%D1%85_%D0%B4%D1%96%D0%BB%D1%8F%D0%BD%D0%BE%D0%BA_%D1%81._%D0%97%D0%B0%D0%B2%D0%B0%D0%BB%D1%96%D0%B2%D0%BA%D0%B0_%D0%9A%D0%B8%D1%97%D0%B2%D1%81%D1%8C%D0%BA%D0%BE%D0%B3%D0%BE_%D0%BF%D0%BE%D0%B2%D1%96%D1%82%D1%83%2C_%D0%B2%D1%96%D0%B4%D0%BC%D0%B5%D0%B6%D0%BE%D0%B2%D0%B0%D0%BD%D0%B8%D1%85..._(1870).pdf
dako-1542-1-759	Плани викупних земельних ділянок с. Завалівка Київського повіту, відмежованих від земель поміщиці Карнович	1881	ДАКО	1542	1	759	https://commons.wikimedia.org/wiki/File:%D0%94%D0%90%D0%9A%D0%9E_1542-1-759_%D0%9F%D0%BB%D0%B0%D0%BD%D0%B8_%D0%B2%D0%B8%D0%BA%D1%83%D0%BF%D0%BD%D0%B8%D1%85_%D0%B7%D0%B5%D0%BC%D0%B5%D0%BB%D1%8C%D0%BD%D0%B8%D1%85_%D0%B4%D1%96%D0%BB%D1%8F%D0%BD%D0%BE%D0%BA_%D1%81._%D0%97%D0%B0%D0%B2%D0%B0%D0%BB%D1%96%D0%B2%D0%BA%D0%B0_%D0%9A%D0%B8%D1%97%D0%B2%D1%81%D1%8C%D0%BA%D0%BE%D0%B3%D0%BE_%D0%BF%D0%BE%D0%B2%D1%96%D1%82%D1%83%2C_%D0%B2%D1%96%D0%B4%D0%BC%D0%B5%D0%B6%D0%BE%D0%B2%D0%B0%D0%BD%D0%B8%D1%85_%D0%B2%D1%96%D0%B4_%D0%B7%D0%B5%D0%BC%D0%B5%D0%BB%D1%8C..._(1881).pdf
dako-1542-1-763	Плани церковних земельних ділянок с. Карашин Київського повіту, відмежованих від земель поміщика Сабанського	1813-1831	ДАКО	1542	1	763	https://archium.dako.gov.ua/
dako-1542-1-768	Плани церковних земельних ділянок с. Козичанка Київського повіту, відмежованих від земель поміщика Харлінського	1813-1830	ДАКО	1542	1	768	https://commons.wikimedia.org/wiki/File:ДАКО_1542-1-768_Плани_церковних_земельних_ділянок_с._Козичанка_Київського_повіту,_відмежованих_від..._(1813-1830).pdf
dako-1542-1-769	План земельної ділянки селянина Нестеренка-Руденка у с. Козичанка Київського повіту	1914	ДАКО	1542	1	769	https://commons.wikimedia.org/wiki/File:ДАКО_1542-1-769_План_земельної_ділянки_селянина_Нестеренка-Руденка_у_с._Козичанка_Київського_повіту_(1914).pdf
dako-1542-1-770	Плани чиншових земельних ділянок с. Козичанка Київського повіту, відмежованих від земель Кржижанівського	1888	ДАКО	1542	1	770	https://commons.wikimedia.org/wiki/File:ДАКО_1542-1-770_Плани_чиншових_земельних_ділянок_с._Козичанка_Київського_повіту,_відмежованих_від_земель..._(1888).pdf
dako-1542-1-801	План церковних земельних ділянок с. Липівка Київського повіту	1813	ДАКО	1542	1	801	
dako-1542-1-807	Плани церковних земельних ділянок с. Липівка Київського повіту, відмежованих від земель поміщиків	1813	ДАКО	1542	1	807	
dako-1542-1-808	Плани чиншових земельних ділянок с. Липівка Київського повіту, відмежованих від земель Барського	1889	ДАКО	1542	1	808	
dako-1542-1-846	План викупних селянських земельних ділянок с. Озерщина	1890	ДАКО	1542	1	846	https://archium.dako.gov.ua/
dako-1636	Київський нотаріальний архів: справи про застави майна в Київському повіті	1893-1913	ДАКО	1636			
dako-1636-5-336	Про заставу при с. Бишів в хуторі Марʼянівка, що належить Андрієвським Ф. К. і Є. С., в Київському повіті	1893	ДАКО	1636	5	336	
dako-1636-5-338	Про заставу майна при м. Бишів в хуторі Марʼянівка, що належить Мегедову І. Л., в Київському повіті	1893	ДАКО	1636	5	338	
dako-25-chynsh	Про визнання чиншових прав у маєтку княгині Є. І. Трубецької, с. Гавронщина	1888-1890	ДАКО	25	1		
dako-280-2	Ревізькі казки Васильківського повіту		ДАКО	280	2		
dako-280-2-1131	Ревізькі казки однодворців села Чорногородки Васильківського повіту, Веприковського сільського общества	1854	ДАКО	280	2	1131	https://uk.wikisource.org/wiki/Архів:ДАКО/280/2/1131
dako-280-2-12	Ревізькі казки селян шляхтича Харлінського, Київський повіт	1795	ДАКО	280	2	12	
dako-280-2-1448	Ревізькі казки поміщицьких селян Київського повіту, 1858 рік	1858	ДАКО	280	2	1448	https://commons.wikimedia.org/wiki/File:%D0%94%D0%90%D0%9A%D0%9E_280-2-1448_%D0%A0%D0%B5%D0%B2%D1%96%D0%B7%D1%8C%D0%BA%D1%96_%D0%BA%D0%B0%D0%B7%D0%BA%D0%B8_%D0%BF%D0%BE%D0%BC%D1%96%D1%89%D0%B8%D1%86%D1%8C%D0%BA%D0%B8%D1%85_%D1%81%D0%B5%D0%BB%D1%8F%D0%BD_%D0%9A%D0%B8%D1%97%D0%B2%D1%81%D1%8C%D0%BA%D0%BE%D0%B3%D0%BE_%D0%BF%D0%BE%D0%B2%D1%96%D1%82%D1%83_(%D1%81%D0%B5%D0%BB%D0%B0_%D0%BF%D0%BE_%D1%84%D0%B0%D0%BC%D0%B8%D0%BB%D0%B8%D1%8F%D0%BC_%D0%BF%D0%BE%D0%BC%D0%B5%D1%89%D0%B8%D0%BA%D0%BE%D0%B2_%D0%BD%D0%B0_%D0%B1%D1%83%D0%BA%D0%B2%D1%8B..._(1858).pdf
dako-280-2-16	Ревізькі казки шляхти Київського повіту	1795	ДАКО	280	2	16	https://uk.wikisource.org/wiki/Архів:ДАКО/280/2/16
dako-280-2-19	Ревізькі казки дворових і поміщицьких селян Київського повіту, частина 1	1795	ДАКО	280	2	19	https://uk.wikisource.org/wiki/Архів:ДАКО/280/2/19
dako-280-2-20	Ревізькі казки дворових і поміщицьких селян Київського повіту, частина 2	1795	ДАКО	280	2	20	https://uk.wikisource.org/wiki/Архів:ДАКО/280/2/20
dako-280-2-260	Ревізькі казки поміщицьких селян Київського повіту	1811	ДАКО	280	2	260	https://uk.wikisource.org/wiki/Архів:ДАКО/280/2/260
dako-280-2-263	Ревізькі казки поміщицьких та інших селян Київського повіту	1811	ДАКО	280	2	263	
dako-280-2-273	Ревізька казка поміщицьких селян Радомисльського повіту. Частина 2	1811	ДАКО	280	2	273	
dako-280-2-319	Ревізькі казки поміщицьких селян Київського повіту	1816	ДАКО	280	2	319	https://uk.wikisource.org/wiki/Архів:ДАКО/280/2/319
dako-280-2-334	Ревізькі казки шляхти Київського повіту	1816	ДАКО	280	2	334	https://uk.wikisource.org/wiki/Архів:ДАКО/280/2/334
dako-280-2-342	Ревізькі казки, поміщики на літери Т, У, Ф, Х, Ц, Ч, Ш, Я, Київський повіт	1816	ДАКО	280	2	342	
dako-280-2-343	Ревізькі казки, частина 10, поміщики на літери Т-Я, Київський повіт	1834	ДАКО	280	2	343	
dako-280-2-378	Додаткові ревізькі казки селян та міщан християн та євреїв по всій Київській губернії	1818	ДАКО	280	2	378	https://uk.wikisource.org/wiki/Архів:ДАКО/280/2/378
dako-280-2-588	Ревізькі казки старостинських селян та однодворців Київського повіту	1834	ДАКО	280	2	588	https://uk.wikisource.org/wiki/Архів:ДАКО/280/2/588
dako-280-2-590	Ревізькі казки поміщицьких селян Київського повіту	1834	ДАКО	280	2	590	https://uk.wikisource.org/wiki/Архів:ДАКО/280/2/590
dako-280-2-593	Ревізькі казки поміщицьких селян Київського повіту	1834	ДАКО	280	2	593	https://uk.wikisource.org/wiki/Архів:ДАКО/280/2/593
dako-280-2-608	Ревізькі казки однодворців Київського повіту	1832-1833	ДАКО	280	2	608	https://uk.wikisource.org/wiki/Архів:ДАКО/280/2/608
dako-280-2-610	Іменні списки дворян 2-го разряду Київського повіту	1834	ДАКО	280	2	610	https://uk.wikisource.org/wiki/Архів:ДАКО/280/2/610
dako-280-2-620	Ревізька казка дворян Київського повіту	1834	ДАКО	280	2	620	https://uk.wikisource.org/wiki/Архів:ДАКО/280/2/620
dako-280-2-793	Ревізька справа на кущ сіл: Васильків, Веприк, Пришивальня, Дорогинка, Чорногородка, Волиця, Дмитрівка, Ставки, Скригалівка	1850	ДАКО	280	2	793	https://uk.wikisource.org/wiki/Архів:ДАКО/280/2/793
dako-280-2-80	Ревізька казка селян села Яблунівка Васильківського повіту	1811	ДАКО	280	2	80	https://uk.wikisource.org/wiki/Архів:ДАКО/280/2/80
dako-280-2-851	Ревізька казка Бишівського єврейського товариства, 31 грудня 1850 року	1850	ДАКО	280	2	851	https://commons.wikimedia.org/wiki/File:%D0%94%D0%90%D0%9A%D0%9E_280-2-851._1850_%D1%80%D1%96%D0%BA._%D0%A0%D0%B5%D0%B2%D1%96%D0%B7%D1%8C%D0%BA%D0%B0_%D0%BA%D0%B0%D0%B7%D0%BA%D0%B0_%D1%94%D0%B2%D1%80%D0%B5%D1%97%D0%B2_%D0%BC%D1%96%D1%81%D1%82%D0%B5%D1%87%D0%BA%D0%B0_%D0%91%D0%B8%D1%88%D1%96%D0%B2.pdf
dako-280-2-984	Ревізькі казки про поміщицьких селян Київського повіту (власники на літери Л, М, Н)	1850	ДАКО	280	2	984	https://archium.dako.gov.ua/files/39073/
dako-280-2-989	Ревізькі казки поміщицьких селян Київського повіту, власники сіл на літери Т-Я, 1850 рік	1850	ДАКО	280	2	989	https://commons.wikimedia.org/wiki/File:%D0%94%D0%90%D0%9A%D0%9E_280-2-989_%D0%A0%D0%B5%D0%B2%D1%96%D0%B7%D1%8C%D0%BA%D1%96_%D0%BA%D0%B0%D0%B7%D0%BA%D0%B8_%D0%BF%D0%BE%D0%BC%D1%96%D1%89%D0%B8%D1%86%D1%8C%D0%BA%D0%B8%D1%85_%D1%81%D0%B5%D0%BB%D1%8F%D0%BD_%D0%9A%D0%B8%D1%97%D0%B2%D1%81%D1%8C%D0%BA%D0%BE%D0%B3%D0%BE_%D0%BF%D0%BE%D0%B2%D1%96%D1%82%D1%83_(%D0%B2%D0%BB%D0%B0%D1%81%D0%BD%D0%B8%D0%BA%D0%B8_%D1%81%D1%96%D0%BB_%D0%BD%D0%B0_%D0%BB%D1%96%D1%82%D0%B5%D1%80%D0%B8_%D0%A2,_%D0%A3,_%D0%A4,_%D0%A5,_%D0%A6,_%D0%A7,_%D0%A8,..._(1850).pdf
dako-384-3-7	Листи перепису населення 1897 р., Київський повіт, Макарівська волость, с. Липівка, 5-а переписна дільниця, 1-а рахункова дільниця	1897	ДАКО	384	3	7	https://archium.dako.gov.ua/files/9072/
dako-384-3-8	Листи перепису населення 1897 р., Київський повіт, Макарівська волость, с. Коптіївка, с. Завалівка, с. Юрівка і власницькі садиби при них, 5-а переписна дільниця, 8-а рахункова дільниця, частина 1	1897	ДАКО	384	3	8	https://commons.wikimedia.org/wiki/Category:Zavalivka
dako-384-3-9	Листи перепису населення 1897 р., Київський повіт, Макарівська волость, с. Коптіївка, с. Завалівка, с. Юрівка і власницькі садиби при них, 5-а переписна дільниця, 8-а рахункова дільниця, частина 2	1897	ДАКО	384	3	9	https://commons.wikimedia.org/wiki/Category:Zavalivka
dako-384-9	Переписні листи Першого загального перепису населення 1897 року: Радомисльський повіт, Брусилівська волость, с. Ніжиловичі, 8-ма рахункова дільниця	1897	ДАКО	384	9	62-64	https://uk.wikisource.org/wiki/Архів:ДАКО/384/9
dako-384-9-413	Листи перепису населення, Радомисльський повіт, Вишевицька волость, с. Комарівка, 11-а переписна дільниця, 20-а рахункова дільниця	1897	ДАКО	384	9	413	https://uk.wikisource.org/wiki/Архів:ДАКО/384/9/413
dako-384-9-70	Відомість для підрахунку населення по 3-й переписній дільниці Радомисльського повіту (перепис 1897 року)	1897	ДАКО	384	9	70	https://archium.dako.gov.ua/file-viewer/10545
dako-4758-2-54	Колекція документів про період німецької окупації Київської області		ДАКО	4758	2	54	
dako-5649-1-91	Рішення Київської обласної ради № 068-06-XXIV від 23 січня 2003 року «Про Перелік памʼяток історії та мистецтва Київської області, що не підлягають приватизації»	2003	ДАКО	5649	1	91	https://commons.wikimedia.org/wiki/File:%D0%94%D0%90%D0%9A%D0%9E_5649-1-91_(%D0%B0%D1%80%D0%BA._1%E2%80%9383)._2003_%D1%80%D1%96%D0%BA._%D0%A0%D1%96%D1%88%D0%B5%D0%BD%D0%BD%D1%8F_%D0%9A%D0%B8%D1%97%D0%B2%D1%81%D1%8C%D0%BA%D0%BE%D1%97_%D0%BE%D0%B1%D0%BB%D0%B0%D1%81%D0%BD%D0%BE%D1%97_%D1%80%D0%B0%D0%B4%D0%B8_%E2%84%96_068-06-XXIV.pdf
dako-832	Мотижинська міщанська управа, м-ко Мотижин Київського повіту Київської губернії		ДАКО	832			https://uk.wikisource.org/wiki/Архів:ДАКО
dako-arkhiv-r180	Електронний опис фонду Р-180 «Колгосп „Ленінець“, с. Ситняки» Макарівського архівного сектора						https://web.archive.org/web/20180218000000*/makariv-archive
dako-n-2102	Королівська сільська управа, с. Королівка Макарівського району Київської області	1941-1944	ДАКО	Н-2102	1		https://archium.dako.gov.ua/fonds/2885/
dako-r-pokazhchyk	Перелік фондів Державного архіву Київської області, серія «Р»		ДАКО	Р (радянський період), покажчик фондів			https://uk.wikisource.org/wiki/Архів:ДАКО/Р
dako-r1-1-146	Документи про боротьбу з повстанськими загонами на Київщині	1920	ДАКО	р-1	1	146	
dako-r1391	Небелицька сільська рада робітничих, селянських і червоноармійських депутатів, с. Небелиця Ставищенської волості Радомисльського повіту Київської губернії	1922	ДАКО	Р-1391			https://uk.wikisource.org/wiki/Архів:ДАКО/Р
dako-r1421	Липівська сільська рада робітничих, селянських і червоноармійських депутатів, с. Липівка Макарівського району Київського округу	1923	ДАКО	Р-1421	1	1	
dako-r2003	Маковищенська сільська управа, с. Маковище Макарівського району Київської області	1941-1943	ДАКО	Р-2003			
dako-r2004	Громадське господарство № 34, с. Маковище Макарівського району Київської області	1941-1943	ДАКО	Р-2004			
dako-r2007	Громадське господарство № 2, с. Андріївка Макарівського району		ДАКО	Р-2007			
dako-r2071	Чорногородська сільська управа, с. Чорногородка Бишівського району Київської області	1943	ДАКО	Р-2071			
dako-r2113	Громадське господарство, с. Горобіївка Бишівського району Київської області	1941-1943	ДАКО	Р-2113	1		
dako-r222	Козичанська сільська рада та її виконавчий комітет, с. Козичанка	1943-2021	Архівний відділ Бучанської РДА	Р-222			https://uk.wikisource.org/wiki/Архів:Архівний_відділ_Бучанської_райдержадміністрації/Р-222
dako-r222-3-1	Погосподарська книга основних виробничих показників господарств колгоспників, с. Козичанка	1944-1946	Архівний відділ Бучанської РДА	Р-222	3	1-2	https://commons.wikimedia.org/wiki/File:Погосподарські_книги_с._Козичанка_1944-46.pdf
dako-r222-3-2	Погосподарська книга, с. Козичанка	1947-1949	Архівний відділ Бучанської РДА	Р-222			https://commons.wikimedia.org/wiki/File:Погосподарські_книги_Козичанка_1947-49.pdf
dako-r224	Комарівська сільська рада та її виконавчий комітет, с. Комарівка Макарівського району	1949-2021	Архівний відділ Бучанської РДА	Р-224			https://opisi.dako.gov.ua/opisi/region-fond-page
dako-r239	Небелицька сільська рада та її виконавчий комітет, с. Небелиця Макарівського району	1944-2021	Архівний відділ Бучанської РДА	Р-239			https://opisi.dako.gov.ua/opisi/region-fond-page
dako-r254	Товстоліська сільська Рада народних депутатів та її виконавчий комітет, с. Гавронщина, Макарівський район	1984-1993	Архівний відділ Бучанської РДА	Р-254	1		https://opisi.dako.gov.ua/opisi/region-fond-page
dako-r349-1-220	Справа про передачу ділянки землі Фастівського лісництва товариству селян с. Соснівки Київського повіту	1920	ДАКО	Р-349	1	220	
dako-r349-1-2315	Справа про відмежування земельної ділянки для сільськогосподарської артілі с. Гавронщина	1924	ДАКО	Р-349	1	2315	https://archium.dako.gov.ua/files/230681/
dako-r349-1-992	Справа про реєстрацію Гавронщинської сільськогосподарської артілі «Сільгоспкульт»	1922	ДАКО	Р-349	1	992	https://archium.dako.gov.ua/files/229359/
dako-r3636	Гавронщинська сільська рада робітничих, селянських і червоноармійських депутатів, с. Гавронщина Макарівського району Київського округу	1929	ДАКО	Р-3636	1		https://uk.wikisource.org/wiki/Архів:ДАКО/Р
dako-r4752-havronshchyna	Справи про розірвання шлюбу жителів с. Гавронщина, Київський повіт	1919-1920	ДАКО	Р-4752	1		
dako-r5634-1-1990	Книга реєстрації актів про народження Макарівського району	1935	ДАКО	Р-5634	1	1990	
dako-r5634-1-1991	Книга реєстрації актів про народження Макарівського району за 1935 рік (Великий Карашин, Гавронщина, Гурівщина, Забуяння, Колонщина, Комарівка та інші)	1935	ДАКО	Р-5634	1	1991	
dako-r5634-1-1993	Книга реєстрації актів про народження Макарівського району за 1935 рік	1935	ДАКО	Р-5634	1	1993	https://uk.wikisource.org/wiki/Архів:ДАКО/Р-5634
dako-r5634-1-1995	Книга реєстрації актів про шлюб Макарівського району	1935	ДАКО	Р-5634	1	1995	https://uk.wikisource.org/wiki/Архів:ДАКО/Р-5634/1/1995
dako-r5634-1-1996	Книга реєстрації актів про шлюб Макарівського району за 1935 рік	1935	ДАКО	Р-5634	1	1996	https://uk.wikisource.org/wiki/Архів:ДАКО/Р-5634
dako-r5634-1-1997	Книга реєстрації актів про розлучення Макарівського району	1935	ДАКО	Р-5634	1	1997	
dako-r5634-1-2629	Книга реєстрації актів (тип не встановлено) за 1939 рік, серед сіл - Липівка	1939	ДАКО	Р-5634	1	2629	
dako-r5634-1-3027	Книга реєстрації актів про народження Макарівського району за 1942 рік	1942	ДАКО	Р-5634	1	3027	https://uk.wikisource.org/wiki/Архів:ДАКО/Р-5634/1/3027
dako-r5634-1-3030	Книга реєстрації актів про народження Макарівського району за 1942 рік	1942	ДАКО	Р-5634	1	3030	https://uk.wikisource.org/wiki/Архів:ДАКО/Р-5634/1/3030
dako-r5634-1-3032	Книга реєстрації актів про смерть по Макарівському району за 1942 рік	1942	ДАКО	Р-5634	1	3032	https://uk.wikisource.org/wiki/Архів:ДАКО/Р-5634
dako-r5634-1-3034	Книга реєстрації актів про шлюб Макарівського району за 1942 рік	1942	ДАКО	Р-5634	1	3034	https://uk.wikisource.org/wiki/Архів:ДАКО/Р-5634/1/3034
dako-r5634-1-3091	Книга реєстрації актів про народження Макарівського району за 1943 рік	1943	ДАКО	Р-5634	1	3091	https://uk.wikisource.org/wiki/Архів:ДАКО/Р-5634/1/3091
dako-r5634-1-3094	Книга реєстрації актів про смерть Макарівського району за 1943 рік	1943	ДАКО	Р-5634	1	3094	
dako-r5634-1-3095	Книга реєстрації актів про смерть Макарівського району за 1943 рік	1943	ДАКО	Р-5634	1	3095	https://uk.wikisource.org/wiki/Архів:ДАКО/Р-5634
dako-r5634-1-3227	Книга реєстрації актів про шлюб Макарівського району	1940-1944	ДАКО	Р-5634	1	3227	https://uk.wikisource.org/wiki/Архів:ДАКО/Р-5634/1/3227
dako-r5634-1-562	Книга реєстрації актів про шлюб Макарівського району	1921-1922	ДАКО	Р-5634	1	562	https://uk.wikisource.org/wiki/Архів:ДАКО/Р-5634/1/562
dako-r5634-1-563	Алфавітна книга реєстрації актів про народження Макарівського району	1924-1927	ДАКО	Р-5634	1	563	https://uk.wikisource.org/wiki/Архів:ДАКО/Р-5634
dako-r5634-1-564	Алфавітна книга реєстрації актів про смерть Макарівського району	1920-1933	ДАКО	Р-5634	1	564	https://commons.wikimedia.org/wiki/File:%D0%94%D0%90%D0%9A%D0%9E_P-5634-1-564._1920%E2%80%931933._%D0%90%D0%BB%D1%84%D0%B0%D0%B2%D1%96%D1%82%D0%BD%D0%B0_%D0%BA%D0%BD%D0%B8%D0%B3%D0%B0._%D0%9C%D0%B0%D0%BA%D0%B0%D1%80%D1%96%D0%B2%D1%81%D1%8C%D0%BA%D0%B8%D0%B9._%D0%A1%D0%BC%D0%B5%D1%80%D1%82%D1%8C.pdf
dako-r5634-1-566	Алфавітна книга реєстрації актів про розірвання шлюбу Макарівського району	1921, 1924-1928, 1932	ДАКО	Р-5634	1	566	https://commons.wikimedia.org/wiki/File:%D0%94%D0%90%D0%9A%D0%9E_P-5634-1-566._1920%E2%80%931932._%D0%90%D0%BB%D1%84%D0%B0%D0%B2%D1%96%D1%82%D0%BD%D0%B0_%D0%BA%D0%BD%D0%B8%D0%B3%D0%B0._%D0%9C%D0%B0%D0%BA%D0%B0%D1%80%D1%96%D0%B2%D1%81%D1%8C%D0%BA%D0%B8%D0%B9._%D0%A0%D0%BE%D0%B7%D1%96%D1%80%D0%B2%D0%B0%D0%BD%D0%BD%D1%8F_%D1%88%D0%BB%D1%8E%D0%B1%D1%83.pdf
dako-r5634-1-571	Книга реєстрації актів про народження і шлюб Макарівського району	1923-1924	ДАКО	Р-5634	1	571	https://uk.wikisource.org/wiki/Архів:ДАКО/Р-5634/1/571
dako-r5634-1-572	Книга реєстрації актів про смерть, Макарівський район	1923-1925	ДАКО	Р-5634	1	572	
dako-r5634-1-576	Книга реєстрації актів про народження Макарівського району Київської області за 1924 рік	1924	ДАКО	Р-5634	1	576	
dako-r5634-1-577	Книга реєстрації актів про народження Макарівського району	1924	ДАКО	Р-5634	1	577	
dako-r5634-1-578	Книга реєстрації актів про смерть Макарівського району	1924	ДАКО	Р-5634	1	578	https://commons.wikimedia.org/wiki/File:ДАКО_P-5634-1-578._1924._Акти._Макарівський._Макарів,_Кодра,_Андріївка,_Борівка,_Вишеград,_В.Карашин,_Гавронщина_та_інші._Смерть.pdf
dako-r5634-1-580	Книга реєстрації актів про розірвання шлюбу Макарівського району	1924-1932	ДАКО	Р-5634	1	580	
dako-r5634-1-593	Книга реєстрації актів про народження за 1926 рік: Копилів, Королівка, Липівка, Личанка	1926	ДАКО	Р-5634	1	593	
dako-r5634-1-599	Книга реєстрації актів про народження Макарівського району	1926	ДАКО	Р-5634	1	599	https://uk.wikisource.org/wiki/Архів:ДАКО/Р-5634/1/599
dako-r5634-1-600	Книга реєстрації актів про смерть, Макарівський район	1926-1927	ДАКО	Р-5634	1	600	
dako-r5634-1-601	Книга реєстрації актів про шлюб Макарівського району	1926	ДАКО	Р-5634	1	601	https://uk.wikisource.org/wiki/Архів:ДАКО/Р-5634/1/601
dako-r5634-1-607	Книга реєстрації актів про народження Марʼянівської сільради Бишівського р-ну, 1927 рік. Грузьке, Леонівка, Лишня, Марʼянівка, Мостище, Новосілки, Пашківка	1927	ДАКО	Р-5634	1	607	https://uk.wikisource.org/wiki/Архів:ДАКО/Р-5634
dako-r5634-1-611	Книга реєстрації актів про шлюб Макарівського району за 1927 рік	1927	ДАКО	Р-5634	1	611	https://uk.wikisource.org/wiki/Архів:ДАКО/Р-5634/1/611
dako-r5634-1-613	Книга реєстрації актів про народження Макарівського району	1927-1928	ДАКО	Р-5634	1	613	https://uk.wikisource.org/wiki/Архів:ДАКО/Р-5634/1/613
dako-r5634-1-621	Книга реєстрації актів про смерть, 1928 рік (Новосілки Макарівського р-ну - 42 акти)	1928	ДАКО	Р-5634	1	621	https://opisi.dako.gov.ua/zags/deaths
dako-r5634-1-623	Книга реєстрації актів про шлюб Марʼянівської/Козичанської сільради Бишівського р-ну, 1928 рік. Бишів, Весела Слобода, Вільне, Вітрівка, Горобіївка, Грузьке та інші	1928	ДАКО	Р-5634	1	623	https://uk.wikisource.org/wiki/Архів:ДАКО/Р-5634
dako-r5634-1-628	Книга реєстрації актів про народження, Макарівський район	1930-1931	ДАКО	Р-5634	1	628	
dako-r5634-1-636	Книга реєстрації актів про народження, Макарівський район	1932	ДАКО	Р-5634	1	636	
dako-r5634-1-638	Акти про смерть по Макарівському району за 1932 рік	1932	ДАКО	Р-5634	1	638	
dako-r5634-1-640	ДАКО, ф. Р-5634, оп. 1, спр. 640. Книга реєстрації актів про народження Макарівського району, 1933	1933					https://uk.wikisource.org/wiki/Архів:ДАКО/Р-5634
dako-r5634-1-640a	Книга реєстрації актів про народження, Макарівський район, 1933 рік	1933	ДАКО	Р-5634	1	640а	https://uk.wikisource.org/wiki/Архів:ДАКО/Р-5634
dako-r5634-1-641	ДАКО, ф. Р-5634, оп. 1, спр. 641. Книга реєстрації актів про смерть Макарівського району, 1933	1933					https://uk.wikisource.org/wiki/Архів:ДАКО/Р-5634/1/641
dako-r5634-kozychanka-akty	Книги реєстрації актів громадянського стану, с. Козичанка Макарівського р-ну	1924-1948	ДАКО	Р-5634	1	576, 598, 616, 2618, 2627, 3231, 3237, 3604, 3606, 3982, 4000, 4004, 4383, 4391, 4395, 4767, 4771, 4774	
dako-r5634-novosilky-narodzhennia	Книги реєстрації актів про народження, 1920-1928 (Новосілки Макарівського р-ну - 203 акти у пʼятьох справах)	1920-1928	ДАКО	Р-5634	1	562, 568, 576, 607, 617	https://opisi.dako.gov.ua/zags/birthday
dako-r880-12-1357	Рішення виконкому Київської обласної ради депутатів трудящих № 806 від 23 листопада 1970 року про затвердження списків памʼятників археології, історії та мистецтва Київської області	1970	ДАКО	Р-880	12	1357	https://commons.wikimedia.org/wiki/File:%D0%94%D0%90%D0%9A%D0%9E_%D0%A0-880-12-1357_(%D0%B0%D1%80%D0%BA._213-407)._1970_%D1%80%D1%96%D0%BA._%D0%92%D0%B8%D0%BA%D0%BE%D0%BD%D0%BA%D0%BE%D0%BC_%D0%9A%D0%B8%D1%97%D0%B2%D1%81%D1%8C%D0%BA%D0%BE%D1%97_%D0%BE%D0%B1%D0%BB%D0%B0%D1%81%D0%BD%D0%BE%D1%97_%D1%80%D0%B0%D0%B4%D0%B8_%D0%B4%D0%B5%D0%BF%D1%83%D1%82%D0%B0%D1%82%D1%96%D0%B2_%D1%82%D1%80%D1%83%D0%B4%D1%8F%D1%89%D0%B8%D1%85._%D0%A0%D1%96%D1%88%D0%B5%D0%BD%D0%BD%D1%8F_%E2%84%96806.pdf
dako-r978	Маковищенський сільський виконавчий комітет Ради робітничих, селянських і червоноармійських депутатів, с. Маковище Макарівського району Київського округу	1926	ДАКО	Р-978			
davio-737-1-13	Метричні книги костелів усієї Київської губернії	1822-1823	ДАВіО	737	1	13	https://uk.wikisource.org/wiki/Архів:ДАВіО/737/1/13
decentralization-zavalivka	Завалівка - облікова картка населеного пункту, decentralization.ua						https://decentralization.ua/locality/31674
denysenko-2011	Денисенко Г. Г. Воєнна історія України в контексті дослідження і збереження культурної спадщини. Київ: Інститут історії України НАН України, 2011	2011					https://history.org.ua/LiberUA/978-966-02-5935-5/14.pdf
derzhstat-nasel-2013	Чисельність наявного населення України на 1 січня 2013 року: статистичний збірник. Київ: Державна служба статистики України, 2013	2013					https://ukrstat.gov.ua/druk/publicat/kat_u/2013/sb/06_13/sb_nnas_2013.zip
derzhstat-nasel-2020	Чисельність наявного населення України на 1 січня 2020 року: статистичний збірник. Київ: Державна служба статистики України, 2020	2020					https://ukrstat.gov.ua/druk/publicat/kat_u/2020/zb/05/zb_chuselnist%2020.pdf
derzhstat-nasel-2022	Чисельність наявного населення України на 1 січня 2022 року: статистичний збірник. Київ: Державна служба статистики України, 2022	2022					https://ukrstat.gov.ua/druk/publicat/kat_u/2022/zb/05/zb_Nas.pdf
dialektolohichni-studii-4	Іваннікова Л., Коваль-Фучило І., Шалак О. «„Дзєди“ і „Проводи русалок“ у с. Гавронщина Макарівського р-ну Київ. обл. (святкують чорнобильські переселенці із с. Річиця)» // Діалектологічні студії. 4. Львів: Інститут українознавства ім. І. Крипʼякевича	2004					
diktatura-truda	«Диктатура труда», щоденна робітнича газета, орган Сталінського окружкому КП(б)У, окрвиконкому й окрпрофбюро, Сталіно (нині Донецьк)	1924					https://libraria.ua/
dovidnyk-heroiv-1988	«Герои Советского Союза: краткий биографический словарь». Т. 2. М.: Воениздат	1988					
edr-fop	Єдиний державний реєстр юридичних осіб, фізичних осіб-підприємців та громадських формувань						https://data.gov.ua/dataset/a1799820-195b-4982-8141-6e84f58103e7
eiu-dymytrii-rostovskyi-mytsyk-2004	Енциклопедія історії України, т. 2. Стаття «Димитрій Ростовський», автор Ю.А. Мицик	2004					http://www.history.org.ua/?termin=Dmytrii_Rostovskyi
eiu-inventarni-pravyla	Голобуцький П. В. «Інвентарні правила 1847-1848» // Енциклопедія історії України. Т. 3. К.: Наукова думка	2005					http://history.org.ua/?termin=Inventarni_pravyla_1847_1848
esu	Енциклопедія Сучасної України						https://esu.com.ua/
esu-karpovych-2012	Опанасенко О. М. Карпович Іван Власович // Енциклопедія Сучасної України. Том 12. Київ, 2012	2012					https://esu.com.ua/article-10121
esu-lamakh-2016	Лисенко Л. О. Ламах Аліна Миколаївна // Енциклопедія Сучасної України. Том 16. Київ, 2016	2016					https://esu.com.ua/article-53111
esu-levchenko-kateryna	Нікітченко В. С. Левченко Катерина Семенівна // Енциклопедія Сучасної України. Т. 16	2016					https://esu.com.ua/article-53957
esu-makarivskyi-raion	Макарівський район // Енциклопедія Сучасної України	2026					https://esu.com.ua/article-60650
fs-dgs-5683309	FamilySearch, DGS 5683309: метрична книга Пресвятої Трійці с. Пашківка на 1915 рік, частина перша, про народжених	1915	ЦДІАК	127	1079		https://www.familysearch.org/ark:/61903/3:1:6X7C-4GW4
fs-filtration-1943-1991	Україна, Радянські записи фільтрації населення, 1943-1991 (FamilySearch, колекція 5000364)	1943-1991					https://www.familysearch.org/platform/records/collections/5000364
fs-index-1503045	FamilySearch, індекс дублікатів метричних книг Київської губернії (колекція 1503045)						https://www.familysearch.org/
fs-index-2290980	FamilySearch, індекс сповідних розписів Київської губернії (колекція 2290980)						https://www.familysearch.org/
fs-koha-1177678	FamilySearch, картка каталогу koha:1177678: Метрические книги, Рождество-Богородицкая церковь, Православная церковь. Черногородка (Васильков)						https://www.familysearch.org/
fs-koha-1387665	FamilySearch, каталожна картка koha:1387665						https://www.familysearch.org/search/catalog/1387665
fs-koha-1387731	FamilySearch, каталожна картка koha:1387731 «Метрические книги, Радомысль (уезд), 1841-1917»						https://www.familysearch.org/search/catalog/1387731
fs-koha-1461189	Метричні книги єврейського товариства містечка Бишів (FamilySearch, картка koha:1461189)	1854-1856	ЦДІАК	1164	1		https://www.familysearch.org/service/search/catalog/item/koha:1461189
fs-koha-1808480	FamilySearch, каталожна картка koha:1808480 «Исповедные ведомости, Радомысль (уезд), 1798-1914»						https://www.familysearch.org/search/catalog/1808480
fs-makariv-1854	FamilySearch, DGS 7810017: єврейські метричні книги м. Макарова, 1854	1854					https://www.familysearch.org/search/film/7810017
fs-olib-2728469	FamilySearch, каталожна картка olib:2728469						https://www.familysearch.org/search/catalog/2728469
fs-personas-yurov	FamilySearch, пошук персон за вузлом місця Юрова без обмеження колекцією (endpoint /service/search/hr/v2/personas)	2026					https://www.familysearch.org/
fs-places	FamilySearch, довідник місць (Places)						https://www.familysearch.org/research/places/
fs-tsurpalenko-index	FamilySearch, індекс за прізвищем «Цурпаленко» (парафія Пресвятої Трійці, с. Пашківка)						https://www.familysearch.org/
fundukley-1852	Фундуклей И. Статистическое описание Киевской губернии. Київ, 1852	1852					https://archive.org/details/statict1852
gazeta-112-1932	«За соціалістичні темпи» (Макарів), № 112 від 28 грудня 1932 року						https://commons.wikimedia.org/wiki/File:Mv-112-1932.pdf
gazeta-36-1932	«За соціалістичні темпи» (Макарів), № 36 (1184) від 29 квітня 1932 року						https://commons.wikimedia.org/wiki/File:Mv-36-1932.pdf
golos-1942	«Голос», окупаційна газета	1942					https://libraria.ua/issues/220/5223/?PageNumber=4&ArticleId=358052
gromada-makarivska	Макарівська громада - картка громади, gromada.info	2026					https://gromada.info/gromada/makarivska/
hlobus-1924	«Глобус», ілюстрований двотижневик, Київ, 1924, № 23 (2 жовтня)	1924					https://libraria.ua/issues/1235/99120/?PageNumber=11&ArticleId=3406725
hlobus-1932	«Глобус», ілюстрований двотижневик, Київ, 1932, № 1 (3 січня)	1932					https://libraria.ua/issues/1235/99057/
imis-kyivska-1971	Історія міст і сіл Української РСР. Київська область	1971					http://irbis-nbuv.gov.ua/ulib/item/UKR0001225
inmo-skopnenko	Інститут мовознавства ім. О. О. Потебні НАН України, сторінка Олександра Івановича Скопненка						https://inmo.org.ua/head/oiskopnenko.html
istoriia-kyieva-t2	«Історія Києва», том 2. Київ: Наукова думка						https://resource.history.org.ua/item/0000894
isuo-komarivka	ІСУО, картка «Комарівська гімназія Макарівської селищної ради Бучанського району Київської області»						https://ko.isuo.org/authorities/schools-list/id/757
isuo-lypivka	ІСУО, картка «Липівська гімназія Макарівської селищної ради Бучанського району Київської області»						https://ko.isuo.org/schools/view/id/21850
isuo-marianivka	Марʼянівська гімназія Макарівської селищної ради - картка в Інформаційній системі управління освітою						https://ko.isuo.org/schools/view/id/21855
isuo-motyzhyn	Мотижинський ліцей - картка закладу в ІСУО	2025					https://ko.isuo.org/schools/view/id/21856
isuo-plakhtianka	Плахтянська гімназія Макарівської селищної ради - картка в ІСУО						https://ko.isuo.org/schools/view/id/21868
isuo-zabuiannia	Забуянська гімназія Макарівської селищної ради - картка в ІСУО						https://ko.isuo.org/schools/view/id/21844
iwanowski-1873	Eustachy Iwanowski. «Rozmowy o polskiéj koronie». Краків, 1873	1873					https://archive.org/details/rozmowyopolskij00iwangoog
katalog-richok-1957	Каталог річок України. Київ, Видавництво АН УРСР, 1957	1957					https://archive.org/details/kataloh-richok-ukrainy-2
kev-1873-12	Кіевскія епархіальныя вѣдомости. 1873, № 12	1873					https://commons.wikimedia.org/wiki/Category:Kiyevskiye_yeparkhialnyye_vedomosti
khliborob	«Хлібороб», газета для остарбайтерів і біженців, Берлін	1943-1944					https://libraria.ua/
kmu-715-2020	Розпорядження Кабінету Міністрів України № 715-р від 12 червня 2020 року «Про визначення адміністративних центрів та затвердження територій територіальних громад Київської області»	2020					https://zakon.rada.gov.ua/laws/show/715-2020-%D1%80
knowbysight-marchuk	Справочник по истории Коммунистической партии и Советского Союза 1898-1991, картка «Марчук Иван Иванович»						http://www.knowbysight.info/MMM/03598.asp
knu-orgchem-levchenko	Левченко Катерина Семенівна // Видатні випускники, кафедра органічної хімії Київського національного університету імені Тараса Шевченка	2026					https://orgchem.knu.ua/ua/prominent_graduates/levchenko/
knyha-pamiati-kyivska-4	Книга Памʼяті України. Київська область. Т. 4: Іванківський, Кагарлицький, Києво-Святошинський, Макарівський райони. Київ: Молодь, 1995, 864 с.	1995					https://irbis-nbuv.gov.ua/cgi-bin/irbis_nbuv/cgiirbis_64.exe?C21COM=S&I21DBN=EC&P21DBN=EC&S21FMT=JwU_B&S21STN=1&S21REF=10&S21CNR=20&S21ALL=%28%3C.%3EI%3D%D0%92340025%24%3C.%3E%29
koden-1931	Український архів. Т. II: Коденська книга судових справ. Київ: ВУАН, 1931	1931					https://commons.wikimedia.org/wiki/File:Коденська_книга_судових_справ_(1931).djvu
kodyfikator-2021	Кодифікатор адміністративно-територіального устрою та територій територіальних громад, наказ Мінрегіону № 178 від 23 липня 2021 року						https://data.gov.ua/
komunist-1924	«Коммунист», орган ЦК і Харківського губкому КП(б)У, Харків	1924					https://libraria.ua/
korinnyi-2012	Адміністративно-територіальний поділ Київщини 1918-2010 роки: довідник / авт.-упоряд. М. М. Корінний. Біла Церква: Олександр Пшонківський, 2012, 302 с.	2012					https://irbis-nbuv.gov.ua/cgi-bin/irbis_nbuv/cgiirbis_64.exe?C21COM=S&I21DBN=EC&P21DBN=EC&S21FMT=JwU_B&S21STN=1&S21REF=10&S21CNR=20&S21ALL=%28%3C.%3EI%3D%D0%92%D0%90755679%24%3C.%3E%29
koval-2010	Коваль Р. М. Отаман Орлик. Київ: Стікс, 2010	2010					https://irbis-nbuv.gov.ua/ulib/item/UKR0001819
krypiakevych-1648-1654	Крипʼякевич І. Адміністративний поділ України 1648-1654 рр.						https://uk.wikisource.org/wiki/Історичні_джерела_та_їх_використання/2/Адміністративний_поділ_України_1648-1654_рр.
kuchera-1976	Кучера М. П. Давньоруські городища на Правобережжі Київщини // Дослідження з словʼяно-руської археології. Київ, 1976	1976					https://irbis-nbuv.gov.ua/cgi-bin/irbis_nbuv/cgiirbis_64.exe?C21COM=S&I21DBN=EC&P21DBN=EC&S21FMT=JwU_B&S21STN=1&S21REF=10&S21CNR=20&S21ALL=%28%3C.%3EI%3D%D0%92%D0%90286175%24%3C.%3E%29
kuchera-1987	Кучера М. П. Змиевы валы Среднего Поднепровья. Київ: Наукова думка, 1987	1987					https://figshare.com/articles/book/________/8113145
kucheryavyi-1975	Кучерявий В. Г. Історія села Комарівки. Рукописний альбом, 1975	1975					
kuza-1996	Куза А. В. Древнерусские городища X-XIII вв. Свод археологических памятников. Москва, 1996	1996					https://irbis-nbuv.gov.ua/cgi-bin/irbis_nbuv/cgiirbis_64.exe?C21COM=S&I21DBN=EC&P21DBN=EC&S21FMT=JwU_B&S21STN=1&S21REF=10&S21CNR=20&S21ALL=%28%3C.%3EI%3D%D0%A1%D0%9E26159%24%3C.%3E%29
kuzmenko-lisovenko-2013	Кузьменко-Лісовенко К. В., Василишина Т. В. Плахтянка - наш Поліський дивокрай. Історія. Людські долі. Київ, 2013	2013	НБУВ			ВС59154	
kyivlianyn	«Кіевлянинъ», щоденна газета, Київ	1864-1919					https://libraria.ua/
kyivska-pravda	«Київська правда», обласна газета Київщини						https://libraria.ua/
kyivskyi-proletarii	«Киевский пролетарий», щоденна газета, Київ	1925					https://libraria.ua/
leninska-zoria-1989	«Ленінська зоря», газета Макарівського району		Держархів друку Книжкової палати України				
leshchenko-1955	Лещенко М. Н. Селянський рух на Правобережній Україні в період революції 1905-1907 рр. К.: Вид-во АН УРСР, 1955. 232 с.	1955					https://resource.history.org.ua/item/0000153
libraria	LIBRARIA - цифровий архів україномовної преси						https://libraria.ua/
literaturna-hazeta	«Літературна газета», Київ	1927-1962					https://libraria.ua/
lypivka-rada-arhiv	Офіційний сайт Липівської сільської ради (орган ліквідовано, сайт лишився в архівному режимі)	2018					https://lypivka.rada.arhiv.org.ua/istorichna-dovidka-17-47-51-21-11-2018/
makariv-hromada-andriivka	Андріївський старостинський округ - сторінка Макарівської селищної громади	2022					https://new.makariv-rada.gov.ua/andriivskyj-starostynskyj-okruh/
makariv-hromada-kodra	Кодрянський старостинський округ - сторінка Макарівської селищної громади	2022					https://new.makariv-rada.gov.ua/kodrianskyj-starostynskyj-okruh/
makariv-hromada-komarivka	Комарівський старостинський округ - сторінка Макарівської селищної громади	2022					https://new.makariv-rada.gov.ua/komarivskyj-starostynskyj-okruh/
makariv-hromada-kopyliv	Копилівський старостинський округ, сайт Макарівської селищної ради						https://new.makariv-rada.gov.ua/kopylivskyj-starostynskyj-okruh/
makariv-hromada-korolivka	Королівський старостинський округ - сторінка Макарівської селищної громади	2022					https://new.makariv-rada.gov.ua/korolivskyj-starostynskyj-okruh/
makariv-hromada-lypivka	Макарівська селищна рада, сторінка «Липівський старостинський округ»	2022					https://new.makariv-rada.gov.ua/
makariv-hromada-motyzhyn	Мотижинський старостинський округ - сторінка Макарівської селищної громади	2022					https://new.makariv-rada.gov.ua/motyzhynskyj-starostynskyj-okruh/
makariv-hromada-nebelytsia	Небелицький старостинський округ - сторінка Макарівської селищної громади	2022					https://new.makariv-rada.gov.ua/nebelytskyj-starostynskyj-okruh/
makariv-hromada-velykyi-karashyn	Великокарашинський старостинський округ - сторінка Макарівської селищної громади	2022					https://new.makariv-rada.gov.ua/velykokarashynskyj-starostynskyj-okruh/
makariv-rada-2026	Макарівська селищна рада, «Памʼять, що живе у серцях: у Липівці вшанували полеглих захисників»	2026					https://new.makariv-rada.gov.ua/pam-iat-shcho-zhyve-u-sertsiakh-u-lypivtsi-vshanuvaly-polehlykh-zakhysnykiv/
makariv-rada-havronshchyna	Гавронщинський старостинський округ - сторінка Макарівської селищної громади	2022					https://new.makariv-rada.gov.ua/havronshchynskyj-starostynskyj-okruh/
makariv-rada-marianivka	Марʼянівський старостинський округ - сторінка Макарівської селищної ради						https://new.makariv-rada.gov.ua/mar-ianivskyj-starostynskyj-okruh/
makariv-rada-pashkivskyi-okruh	Пашківський старостинський округ - сторінка Макарівської селищної громади	2022					https://new.makariv-rada.gov.ua/pashkivskyj-starostynskyj-okruh/
makariv-rada-yurivskyi-okruh	Юрівський старостинський округ - сторінка Макарівської селищної громади						https://new.makariv-rada.gov.ua/
makariv-rada-zabuiannia	Забуянський старостинський округ - сайт Макарівської селищної ради						https://new.makariv-rada.gov.ua/zabuianskyj-starostynskyj-okruh/
makhnovets-1989	Літопис руський / Пер. з давньорус. Л. Є. Махновця. Київ: Дніпро, 1989	1989					http://litopys.org.ua/litop/lit.htm
mkv-2024	ІА «MKV», матеріал про Василя Шмагуна зі слів матері Ніни Михайловської	2024					https://makariv.media/2024/07/11/vtracheni-zahysnyky-vasyl-shmagun-zahyshhav-lypivku/
molodniak-1929	«Молодняк», журнал, № 6 від 01.06.1929, с. 38-39, Ф. Голуб «ЛКСМУ в культурно-національному будівництві»	1929					https://libraria.ua/
molodyi-bilshovyk-1924	«Молодий більшовик», комсомольська газета Київської округи	1924					https://libraria.ua/
molodyi-proletarii	«Молодой пролетарий», щоденна газета, Харків	1924-1925					https://libraria.ua/
mostysche-rada-arhiv	Сайт колишньої Мостищанської сільської ради, mostysche.rada.arhiv.org.ua						http://mostysche.rada.arhiv.org.ua/
mv-01-2017	Макарівські вісті, 2017, № 1 (13 січня)	2017					https://commons.wikimedia.org/wiki/File:Mv-01-2017.pdf
mv-02-2017	Макарівські вісті, 2017, № 2 (20 січня)	2017					https://commons.wikimedia.org/wiki/File:Mv-02-2017.pdf
mv-03-2017	Макарівські вісті, 2017, № 3 (27 січня)	2017					https://commons.wikimedia.org/wiki/File:Mv-03-2017.pdf
mv-04-2017	Макарівські вісті, 2017, № 4 (3 лютого)	2017					https://commons.wikimedia.org/wiki/File:Mv-04-2017.pdf
mv-05-2012	Букет Є. Історія кожного поселення - сягає корінням у глиб століть // Макарівські вісті, 2012, № 5 (3 лютого)	2012					https://commons.wikimedia.org/wiki/File:Mv-05-2012.pdf
mv-05-2017	Макарівські вісті, 2017, № 5 (10 лютого)	2017					https://commons.wikimedia.org/wiki/File:Mv-05-2017.pdf
mv-06-2017	Макарівські вісті, 2017, № 6 (17 лютого)	2017					https://commons.wikimedia.org/wiki/File:Mv-06-2017.pdf
mv-07-2017	Макарівські вісті, 2017, № 7 (17 лютого)	2017					https://commons.wikimedia.org/wiki/File:Mv-07-2017.pdf
mv-08-2012	Букет Є. Історія кожного поселення сягає коренями у глиб століть // Макарівські вісті, 24 лютого 2012, № 8 (10708)	2012					https://commons.wikimedia.org/wiki/File:Mv-08-2012.pdf
mv-08-2017	Макарівські вісті, 2017, № 8 (3 березня)	2017					https://commons.wikimedia.org/wiki/File:Mv-08-2017.pdf
mv-09-2017	Макарівські вісті, 2017, № 9 (10 березня)	2017					https://commons.wikimedia.org/wiki/File:Mv-09-2017.pdf
mv-10-2017	Макарівські вісті, 2017, № 10 (17 березня)	2017					https://commons.wikimedia.org/wiki/File:Mv-10-2017.pdf
mv-11-2017	Макарівські вісті, 2017, № 11 (24 березня)	2017					https://commons.wikimedia.org/wiki/File:Mv-11-2017.pdf
mv-12-2017	Макарівські вісті, 2017, № 12 (24 березня)	2017					https://commons.wikimedia.org/wiki/File:Mv-12-2017.pdf
mv-13-2017	Макарівські вісті, 2017, № 13 (31 березня)	2017					https://commons.wikimedia.org/wiki/File:Mv-13-2017.pdf
mv-14-2017	Макарівські вісті, 2017, № 14 (14 квітня)	2017					https://commons.wikimedia.org/wiki/File:Mv-14-2017.pdf
mv-15-2017	Макарівські вісті, 2017, № 15 (21 квітня)	2017					https://commons.wikimedia.org/wiki/File:Mv-15-2017.pdf
mv-16-2017	Макарівські вісті, 2017, № 16 (28 квітня)	2017					https://commons.wikimedia.org/wiki/File:Mv-16-2017.pdf
mv-17-2017	Макарівські вісті, 2017, № 17 (28 квітня)	2017					https://commons.wikimedia.org/wiki/File:Mv-17-2017.pdf
mv-18-2017	Макарівські вісті, 2017, № 18 (12 травня)	2017					https://commons.wikimedia.org/wiki/File:Mv-18-2017.pdf
mv-19-2017	Макарівські вісті, 2017, № 19 (19 травня)	2017					https://commons.wikimedia.org/wiki/File:Mv-19-2017.pdf
mv-20-2017	Макарівські вісті, 2017, № 20 (26 травня)	2017					https://commons.wikimedia.org/wiki/File:Mv-20-2017.pdf
mv-21-2017	Макарівські вісті, 2017, № 21 (2 червня)	2017					https://commons.wikimedia.org/wiki/File:Mv-21-2017.pdf
mv-22-2017	Макарівські вісті, 2017, № 22 (9 червня)	2017					https://commons.wikimedia.org/wiki/File:Mv-22-2017.pdf
mv-23-2017	Макарівські вісті, 2017, № 23 (16 червня)	2017					https://commons.wikimedia.org/wiki/File:Mv-23-2017.pdf
mv-24-2017	Макарівські вісті, 2017, № 24 (23 червня)	2017					https://commons.wikimedia.org/wiki/File:Mv-24-2017.pdf
mv-25-2017	Макарівські вісті, 2017, № 25 (30 червня)	2017					https://commons.wikimedia.org/wiki/File:Mv-25-2017.pdf
mv-26-2017	Макарівські вісті, 2017, № 26 (7 липня)	2017					https://commons.wikimedia.org/wiki/File:Mv-26-2017.pdf
mv-27-2017	Макарівські вісті, 2017, № 27 (14 липня)	2017					https://commons.wikimedia.org/wiki/File:Mv-27-2017.pdf
mv-28-2017	Макарівські вісті, 2017, № 28 (21 липня)	2017					https://commons.wikimedia.org/wiki/File:Mv-28-2017.pdf
mv-29-2017	Макарівські вісті, 2017, № 29 (28 липня)	2017					https://commons.wikimedia.org/wiki/File:Mv-29-2017.pdf
mv-30-2017	Макарівські вісті, 2017, № 30 (4 серпня)	2017					https://commons.wikimedia.org/wiki/File:Mv-30-2017.pdf
mv-32-2017	Макарівські вісті, 2017, № 32 (18 серпня)	2017					https://commons.wikimedia.org/wiki/File:Mv-32-2017.pdf
mv-33-2017	Макарівські вісті, 2017, № 33 (23 серпня)	2017					https://commons.wikimedia.org/wiki/File:Mv-33-2017.pdf
mv-34-2017	Макарівські вісті, 2017, № 34 (1 вересня)	2017					https://commons.wikimedia.org/wiki/File:Mv-34-2017.pdf
mv-35-2017	Макарівські вісті, 2017, № 35 (8 вересня)	2017					https://commons.wikimedia.org/wiki/File:Mv-35-2017.pdf
mv-36-2017	Макарівські вісті, 2017, № 36 (15 вересня)	2017					https://commons.wikimedia.org/wiki/File:Mv-36-2017.pdf
mv-37-2017	Макарівські вісті, 2017, № 37 (22 вересня)	2017					https://commons.wikimedia.org/wiki/File:Mv-37-2017.pdf
mv-38-2017	Макарівські вісті, 2017, № 38 (29 вересня)	2017					https://commons.wikimedia.org/wiki/File:Mv-38-2017.pdf
mv-39-2017	Макарівські вісті, 2017, № 39 (6 жовтня)	2017					https://commons.wikimedia.org/wiki/File:Mv-39-2017.pdf
mv-40-2017	Макарівські вісті, 2017, № 40 (13 жовтня)	2017					https://commons.wikimedia.org/wiki/File:Mv-40-2017.pdf
mv-41-2017	Макарівські вісті, 2017, № 41 (20 жовтня)	2017					https://commons.wikimedia.org/wiki/File:Mv-41-2017.pdf
mv-42-2017	Макарівські вісті, 2017, № 42 (27 жовтня)	2017					https://commons.wikimedia.org/wiki/File:Mv-42-2017.pdf
mv-43-2017	Букет Є. Бандуристи Шевченки з Пашківки // Макарівські вісті, 2017, № 43 (3 листопада)	2017					https://commons.wikimedia.org/wiki/File:Mv-43-2017.pdf
mv-44-2017	Макарівські вісті, 2017, № 44 (10 листопада)	2017					https://commons.wikimedia.org/wiki/File:Mv-44-2017.pdf
mv-45-2017	Макарівські вісті, 2017, № 45 (17 листопада)	2017					https://commons.wikimedia.org/wiki/File:Mv-45-2017.pdf
mv-46-2017	Макарівські вісті, 2017, № 46 (24 листопада)	2017					https://commons.wikimedia.org/wiki/File:Mv-46-2017.pdf
mv-47-2017	Макарівські вісті, 2017, № 47 (1 грудня)	2017					https://commons.wikimedia.org/wiki/File:Mv-47-2017.pdf
mv-48-2017	Макарівські вісті, 2017, № 48 (8 грудня)	2017					https://commons.wikimedia.org/wiki/File:Mv-48-2017.pdf
mv-49-2010	Захарченко І. Спогади із криниці забуття // Макарівські вісті, № 49 від 3 грудня 2010, с. 6	2010					http://buket.ucoz.com/MV_PDF/2010/49-10.pdf
mv-49-2017	Макарівські вісті, 2017, № 49 (15 грудня)	2017					https://commons.wikimedia.org/wiki/File:Mv-49-2017.pdf
mv-50-2017	Макарівські вісті, 2017, № 50 (22 грудня)	2017					https://commons.wikimedia.org/wiki/File:Mv-50-2017.pdf
mv-51-2017	Макарівські вісті, 2017, № 51 (29 грудня)	2017					https://commons.wikimedia.org/wiki/File:Mv-51-2017.pdf
narodnii-uchytel	«Народній учитель», газета працівників освіти УСРР	1925-1930					https://libraria.ua/
nashe-zhyttia	«Наше життя», журнал Союзу українок Америки, Нью-Йорк	1944-					https://libraria.ua/
nauk-inf-biuleten-1958	«Науково-інформаційний бюлетень», 1 березня 1958, № 3	1958					https://libraria.ua/issues/1292/103484/?PageNumber=55&ArticleId=3462993
nbuv-hazety-1930-1934	Газети України 1930-1934 рр. у фондах Національної бібліотеки України імені В. І. Вернадського: науковий каталог. Київ, 2004, у 2 частинах, 9177 назв	2004					https://irbis-nbuv.gov.ua/everlib/item/er-0001852
nkp-holodomor-kyivska	Національна книга памʼяті жертв Голодомору 1932-1933 років в Україні. Київська область	2008					https://web.archive.org/web/20260626170027/https://holodomormuseum.org.ua/wp-content/uploads/2019/10/kiivska_obl.pdf
nova-hromada	«Нова громада», журнал кооперації	1926					https://libraria.ua/
nova-rada-1917	«Нова Рада», № 112 від 12.08.1917, с. 3, рубрика «Вісти з краю»	1917					https://libraria.ua/issues/921/44657/?PageNumber=3&ArticleId=1683652
nove-ukrainske-slovo	«Нове українське слово», щоденна газета, Київ	1941-1943					https://libraria.ua/
opanasenko-2009	Опанасенко О. М. Розвиток селекції картоплі в Україні: історико-біографічний аспект // Історія науки і біографістика. 2009. № 1	2009					https://inb.dnsgb.com.ua/2009-1/09_opanasenko.pdf
opisi-dako-zags	Бази актів цивільного стану Державного архіву Київської області	2026	ДАКО				https://opisi.dako.gov.ua/zags/deaths
osm-andriivka	OpenStreetMap, обʼєкти в межах села Андріївка						https://www.openstreetmap.org/relation/4668434
osm-chornohorodka	OpenStreetMap / Nominatim, обʼєкт села Чорногородка	2026					https://www.openstreetmap.org/node/337526512
osm-havronshchyna	OpenStreetMap, вузол села Гавронщина						https://www.openstreetmap.org/node/337521069
osm-komarivka	OpenStreetMap, обʼєкти в межах села Комарівка						https://www.openstreetmap.org/node/337520601
osm-kopyliv	Копилів у OpenStreetMap, relation/4797086						https://www.openstreetmap.org/relation/4797086
osm-korolivka	OpenStreetMap, обʼєкти в межах села Королівка	2026					https://www.openstreetmap.org/node/337519935
osm-lypivka	OpenStreetMap, обʼєкти в межах села Липівка						https://www.openstreetmap.org/node/337520591
osm-malyi-karashyn	OpenStreetMap, село Малий Карашин						https://www.openstreetmap.org/node/337524128
osm-marianivka	Марʼянівка в OpenStreetMap						https://www.openstreetmap.org/way/178228207
osm-mostyshche	OpenStreetMap, межа села Мостище (Фастівський район)	2026					https://www.openstreetmap.org/relation/12535871
osm-plakhtianka	Плахтянка в OpenStreetMap						https://www.openstreetmap.org/way/332470906
osm-sosnivka	OpenStreetMap, вузол села Соснівка						https://www.openstreetmap.org/node/337526574
osm-velykyi-karashyn	OpenStreetMap, села Великий і Малий Карашин						https://www.openstreetmap.org/
osm-vesela-sloboda	OpenStreetMap, село Весела Слобідка						https://www.openstreetmap.org/node/337525565
osm-zabuiannia	Забуяння в OpenStreetMap, relation 4668438						https://www.openstreetmap.org/relation/4668438
osm-zavalivka	OpenStreetMap, вузол памʼятника в Завалівці						https://www.openstreetmap.org/node/7934417670
osnova-1862	Ф. Рильський. «Зъ Маковищъ (Київського повіту)» // «Основа», Санкт-Петербург, 1862, книжка 2 (лютий), розділ «Вісти», с. 84-91	1862					https://archive.org/details/osnova_1862_2
pamiatnyk-byshiv-odnoseltsi	Памʼятник воїнам-односельцям у Бишеві, іменні панелі. Памʼятка місцевого значення 32-227-0214	1941-1945					https://commons.wikimedia.org/wiki/File:32-227-0214_Byshiv_5.jpg
pamiatnyk-byshiv-pidpilnyky	Табличка на братській могилі підпільників у Бишеві, вул. Мічуріна	1943					https://commons.wikimedia.org/wiki/Category:Byshiv,_Fastiv_Raion
pamiatnyk-byshiv-voiny	Табличка на групі братських могил воїнів у Бишеві. Памʼятка місцевого значення 32-227-0213	1943-1944					https://commons.wikimedia.org/wiki/Category:Byshiv,_Fastiv_Raion
pamiatnyk-nebelytsia-bratska-mohyla	Братська могила радянських воїнів у Небелиці: скульптура зі склоцементу й похила гранітна плита з іменами. Позиція 579 рішення № 806 (1970), обʼєкт 662 переліку 2003 року, охоронний № 1656	1943					https://commons.wikimedia.org/wiki/Category:Mass_grave_of_Soviet_soldiers_in_Nebelytsia
pamiatnyk-nebelytsia-odnoseltsi	Памʼятник воїнам-односельцям у Небелиці, іменні панелі. Позиція 663 переліку 2003 року, охоронний № 531	1941-1945					https://commons.wikimedia.org/wiki/Category:Monument_to_Soviet_soldiers-countrymen_in_Nebelytsia
pamiatnyk-plakhtianka-odnoseltsi	Памʼятник воїнам-односельцям у с. Плахтянка, іменні плити						https://commons.wikimedia.org/wiki/Category:World_War_II_memorial_in_Plakhtianka
pamyat-naroda-kartseva	Картка Любові Йосипівни Карцевої в базі «Памʼять народу»		ЦАМО	33	686044	363	https://pamyat-naroda.ru/heroes/podvig-chelovek_nagrazhdenie17783326/
pamyat-naroda-ozirshchyna	«Памʼять народу»: облікові документи ЦАМО на уродженців і жителів с. Озірщина	2026					https://pamyat-naroda.ru/
pamyat-naroda-popovych	Облікові документи ЦАМО на В. Т. Поповича, зокрема подання на звання Героя Радянського Союзу	1942-1946	ЦАМО	33	793756	38	https://pamyat-naroda.ru/heroes/podvig-chelovek_nagrazhdenie150026791/
pamyat-naroda-shepelenko	«Памʼять народу» / ОБД «Меморіал»: облікові документи ЦАМО на мол. лейтенанта Д. І. Шепеленка, 144-й гсп 28-ї гсд	1941-1967					https://pamyat-naroda.ru/heroes/person-hero80716795/
pamyat-naroda-yablunivka	ОБД «Меморіал»: облікові документи ЦАМО на уродженців с. Яблунівка						https://obd-memorial.ru/
pamyatna-knyzhka-kyivska-1914	Памятная книжка Киевской губернии на 1914 годъ	1914					https://archive.org/details/PKKievGub1914
pashkivka-pamiatnyk	Могили 2 рад. воїнів, які загинули в листопаді 1943 р., та памʼятник на честь 214 воїнів-односельців, що не повернулися з фронтів війни - знімок на Вікісховищі						https://commons.wikimedia.org/wiki/File:%D0%9C%D0%BE%D0%B3%D0%B8%D0%BB%D0%B8_2_%D1%80%D0%B0%D0%B4._%D0%B2%D0%BE%D1%97%D0%BD%D1%96%D0%B2%2C_%D1%8F%D0%BA%D1%96_%D0%B7%D0%B0%D0%B3%D0%B8%D0%BD%D1%83%D0%BB%D0%B8_%D0%B2_%D0%BB%D0%B8%D1%81%D1%82%D0%BE%D0%BF%D0%B0%D0%B4%D1%96_1943_%D1%80.%2C_%D1%82%D0%B0_%D0%BF%D0%B0%D0%BC%E2%80%99%D1%8F%D1%82%D0%BD%D0%B8%D0%BA_%D0%BD%D0%B0_%D1%87%D0%B5%D1%81%D1%82%D1%8C_214_%D0%B2%D0%BE%D1%97%D0%BD%D1%96%D0%B2-%D0%BE%D0%B4%D0%BD%D0%BE%D1%81%D0%B5%D0%BB%D1%8C%D1%86%D1%96%D0%B2%2C_%D1%89%D0%BE_%D0%BD%D0%B5_%D0%BF%D0%BE%D0%B2%D0%B5%D1%80%D0%BD%D1%83%D0%BB%D0%B8%D1%81%D1%8F_%D0%B7_%D1%84%D1%80%D0%BE%D0%BD%D1%82%D1%96%D0%B2_%D0%B2%D1%96%D0%B9%D0%BD%D0%B8.jpg
perelik-pamiatok-makariv	Перелік памʼяток Макарівського району (компіляція реєстру, Wiki Loves Monuments / Вікіпедія)						https://uk.wikipedia.org/wiki/Пам'ятки_Макарівського_району
perepys-1989	Всесоюзний перепис населення 1989 року	1989					https://web.archive.org/web/20170203013314/http://demoscope.ru/weekly/ssp/sng89_reg2.php
pererva-2008	Перерва В. С. Історія шкільництва в містах і селах Київщини ХІХ - початку ХХ ст. Біла Церква: Олександр Пшонківський, 2008, 671 с.	2008					https://irbis-nbuv.gov.ua/cgi-bin/irbis_nbuv/cgiirbis_64.exe?C21COM=S&I21DBN=EC&P21DBN=EC&S21FMT=JwU_B&S21STN=1&S21REF=10&S21CNR=20&S21ALL=%28%3C.%3EI%3D%D0%92%D0%A148643%24%3C.%3E%29
pokhylevych-1864	Похилевич Л. Сказания о населенных местностях Киевской губернии	1864					https://commons.wikimedia.org/wiki/File:%D0%A1%D0%BA%D0%B0%D0%B7%D0%B0%D0%BD%D0%B8%D1%8F_%D0%BE_%D0%BD%D0%B0%D1%81%D0%B5%D0%BB%D0%B5%D0%BD%D0%BD%D1%8B%D1%85_%D0%BE%D0%BA%D1%80%D0%B5%D1%81%D1%82%D0%BD%D0%BE%D1%81%D1%82%D1%8F%D1%85_%D0%9A%D0%B8%D0%B5%D0%B2%D1%81%D0%BA%D0%BE%D0%B9_%D0%B3%D1%83%D0%B1%D0%B5%D1%80%D0%BD%D0%B8%D0%B8._%D0%9F%D0%BE%D1%85%D0%B8%D0%BB%D0%B5%D0%B2%D0%B8%D1%87_%D0%9B._(1864).pdf
pokhylevych-1887	Похилевич Л. Уѣзды Кіевскій и Радомысльскій. Київ, 1887	1887					https://archive.org/details/uezdykievskijiradomyslskij23
pop-stat-mashke	Bespyatov T. Cities & towns of Ukraine: population by census and estimate, pop-stat.mashke.org						http://pop-stat.mashke.org/ukraine-cities.htm
prodovolstvennaia-hazeta-1923	«Продовольственная газета», орган Народного комісаріату продовольства УСРР, Харків						https://libraria.ua/
proletarii-kharkiv	«Пролетарий», щоденна газета, Харків						https://libraria.ua/
proletarska-pravda	«Пролетарська правда», щоденна газета, Київ	1924-1941					https://libraria.ua/
psrl-2-ipat	Полное собрание русских летописей. Т. 2: Ипатьевская летопись. СПб., 1908	1908					http://litopys.org.ua/ipatlet/ipat22.htm
rada-1906-1914	«Рада», щоденна українська газета, Київ	1906-1914					https://libraria.ua/
radianske-selo	«Радянське село», газета для села, Київ	1924-1930					https://libraria.ua/
radianskyi-sport	«Радянський спорт», Київ	1934-1991					https://libraria.ua/
reabit-kyivska-2	Реабілітовані історією. Київська область						https://www.reabit.org.ua/files/store/Kuivsk.kn.2.pdf.pdf
reabit-kyivska-3	Реабілітовані історією. Київська область						https://www.reabit.org.ua/files/store/Kuivsk.kn.3.s.1-797.pdf
reabit-kyivska-3-mart	Реабілітовані історією. Київська область, книга 3, розділ IV «Біографічні довідки про громадян, що зазнали політичних репресій», с. 798-984						https://www.reabit.org.ua/files/store/Kuivsk.kn.3.s.798-984.pdf
reabit-nbr	Національний банк репресованих						https://www.reabit.org.ua/nbr/
reabit-zhytomyrska-1	Реабілітовані історією. Житомирська область, книга 1						https://www.reabit.org.ua/files/store/Zhitom.1.pdf
reabit-zhytomyrska-2	Реабілітовані історією. Житомирська область, книга 2						https://www.reabit.org.ua/files/store/Zhitom.2.pdf
reabit-zhytomyrska-3	Реабілітовані історією. Житомирська область, книга 3						https://www.reabit.org.ua/files/store/Zhitom.3.pdf
reabit-zhytomyrska-4	Реабілітовані історією. Житомирська область, книга 4						https://www.reabit.org.ua/files/store/Zhitom.4.pdf
reabit-zhytomyrska-5	Реабілітовані історією. Житомирська область, книга 5						https://www.reabit.org.ua/files/store/Zhitom.5.pdf
reabit-zhytomyrska-6	Реабілітовані історією. Житомирська область, книга 6						https://www.reabit.org.ua/files/store/Zhitom.6.pdf
reabit-zhytomyrska-7-1	Реабілітовані історією. Житомирська область, книга 7, частина 1						https://www.reabit.org.ua/files/store/Zhitom.7_1.pdf
reiestr-1649	Реєстр Війська Запорозького 1649 року. Київ: Наукова думка, 1995	1995					https://history.org.ua/LiberUA/5-12-002042-9/5-12-002042-9.pdf
rulikowski-1913	Rulikowski E. Opis powiatu kijowskiego / wyd. M. Dubiecki. Kijów; Warszawa: Księgarnia Leona Idzikowskiego, 1913	1913					https://sbc.org.pl/Content/18090/PDF/18090.pdf
ruwiki-karpovych	ru.wikipedia, стаття «Карпович, Иван Власович»						https://ru.wikipedia.org/wiki/Карпович,_Иван_Власович
ruwiki-marchuk	ru.wikipedia, стаття «Марчук, Иван Иванович»						https://ru.wikipedia.org/wiki/Марчук,_Иван_Иванович
ruwiki-posly-hvineia	ru.wikipedia, стаття «Список послов СССР и России в Гвинее»						https://ru.wikipedia.org/wiki/Список_послов_СССР_и_России_в_Гвинее
ruwiki-posly-liberiia	ru.wikipedia, стаття «Список послов СССР и России в Либерии»						https://ru.wikipedia.org/wiki/Список_послов_СССР_и_России_в_Либерии
shkola-marianivka	Історія Марʼянівської школи - сторінка на сайті закладу						http://maryanivske-nvo.webnode.com.ua/istoriya/
shulhyn-1898	Шульгин Я. Начерк Коліївщини. Львів, 1898	1898					https://uk.wikisource.org/wiki/Начерк_Коліївщини/I/Іван_Бондаренко
slovnyk-hidronimiv-1979	Словник гідронімів України. Київ, Наукова думка, 1979	1979					http://history.org.ua/LiberUA/SlGidrUkr_1979/SlGidrUkr_1979.pdf
slownik-geograficzny-1	Słownik geograficzny Królestwa Polskiego i innych krajów słowiańskich, t. I, гасло «Byszów, Byszew» (автор Edward Rulikowski). Варшава, 1880	1880					https://dir.icm.edu.pl/pages/1/0515.tif
slownik-geograficzny-11	Słownik geograficzny Królestwa Polskiego i innych krajów słowiańskich, t. XI, гасло «Stawiszcze»	1890					https://dir.icm.edu.pl/Slownik_geograficzny/Tom_XI/
slownik-geograficzny-12	Słownik geograficzny Królestwa Polskiego i innych krajów słowiańskich, t. XII, гасло «Szybenne»	1892					https://dir.icm.edu.pl/Slownik_geograficzny/Tom_XII/92
slownik-geograficzny-14	Słownik geograficzny Królestwa Polskiego i innych krajów słowiańskich, t. XIV, гасла «Zawałówka» та «Zmorowka al. Zmurówka»	1895					https://dir.icm.edu.pl/Slownik_geograficzny/Tom_XIV/
slownik-geograficzny-15-1	Słownik geograficzny Królestwa Polskiego i innych krajów słowiańskich, t. XV ч. 1 (доповнення), гасло «Byszów». Варшава, 1900	1900					https://dir.icm.edu.pl/Slownik_geograficzny/Tom_XV_cz.1/289
slownik-geograficzny-15-2	Słownik geograficzny Królestwa Polskiego i innych krajów słowiańskich, t. XV ч. 2 (доповнення). Варшава, 1902	1902					https://dir.icm.edu.pl/Slownik_geograficzny/Tom_XV_cz.2
slownik-geograficzny-3	Słownik geograficzny Królestwa Polskiego i innych krajów słowiańskich, t. III, гасло «Jasnohorodka»	1882					https://dir.icm.edu.pl/pages/3/0491.tif
slownik-geograficzny-4	Słownik geograficzny Królestwa Polskiego i innych krajów słowiańskich, t. IV, гасло «Kopyłów»	1883					https://dir.icm.edu.pl/pages/4/0388.tif
slownik-geograficzny-5	Słownik geograficzny Królestwa Polskiego i innych krajów słowiańskich, t. V (гасла «Lipówka» та «Makarów», автор Edward Rulikowski)	1884					https://dir.icm.edu.pl/pages/5/0291.tif
slownik-geograficzny-6	Słownik geograficzny Królestwa Polskiego i innych krajów słowiańskich, t. VI	1885					https://dir.icm.edu.pl/Slownik_geograficzny/Tom_VI/
slownik-geograficzny-7	Słownik geograficzny Królestwa Polskiego i innych krajów słowiańskich, t. VII, гасло «Niżyłowicze»	1886					https://dir.icm.edu.pl/Slownik_geograficzny/Tom_VII/170
slownik-geograficzny-8	Słownik geograficzny Królestwa Polskiego i innych krajów słowiańskich, t. VIII	1887					https://dir.icm.edu.pl/Slownik_geograficzny/Tom_VIII/
slownik-geograficzny-9	Słownik geograficzny Królestwa Polskiego i innych krajów słowiańskich, t. IX, гасло «Różów, Rożew» (автор Edward Rulikowski)	1888					https://dir.icm.edu.pl/Slownik_geograficzny/Tom_IX/
sosnivska-rada-site	Соснівська сільська рада, історична довідка (архівна копія офіційного сайту)						https://sosnivka.rada.arhiv.org.ua/sosnivka-10-59-58-15-12-2017/
sovetskaia-ukraina	«Советская Украина», республіканська газета						https://libraria.ua/
spilka-1924	«Спілка», профспілкова газета	1924					https://libraria.ua/all-titles/
sportyvna-hazeta	«Спортивна газета», Київ	1934-1998					https://libraria.ua/
spysok-dvorian-1906	Список дворян Киевской губернии. Київ, 1906	1906					https://archive.org/details/spisok-dvoryan-kiyevskoy-gubernii-1906-g.
spysok-kyivska-1900	Список населенных мест Киевской губернии	1900					https://commons.wikimedia.org/wiki/File:%D0%A1%D0%BF%D0%B8%D1%81%D0%BE%D0%BA_%D0%BD%D0%B0%D1%81%D0%B5%D0%BB%D0%B5%D0%BD%D0%BD%D1%8B%D1%85_%D0%BC%D0%B5%D1%81%D1%82_%D0%9A%D0%B8%D0%B5%D0%B2%D1%81%D0%BA%D0%BE%D0%B9_%D0%B3%D1%83%D0%B1%D0%B5%D1%80%D0%BD%D0%B8%D0%B8._%D0%A7%D0%B0%D1%81%D1%82%D1%8C_1_(%D0%9A%D0%B8%D0%B5%D0%B2%D1%81%D0%BA%D0%B8%D0%B9_%D0%B3%D1%83%D0%B1%D0%B5%D1%80%D0%BD%D1%81%D0%BA%D0%B8%D0%B9_%D1%81%D1%82%D0%B0%D1%82%D0%B8%D1%81%D1%82%D0%B8%D1%87%D0%B5%D1%81%D0%BA%D0%B8%D0%B9_%D0%BA%D0%BE%D0%BC%D0%B8%D1%82%D0%B5%D1%82,_1900).pdf
spysok-kyivska-1900-ch2	Список населенных мест Киевской губернии. Часть 2	1900					https://commons.wikimedia.org/wiki/File:Список_населенных_мест_Киевской_губернии_Часть_2_(Киевский_губернский_статистический_комитет,_1900).pdf
spysok-poselen-1924	Список поселень Київщини. Видання газети «Вісник Київського губвиконкому». Київ, 1924	1924					https://archive.org/details/spysok_poselen_kyivschyny_1924
spysok-poselen-kyivska-okruha-1926	Список поселень Київської округи. Київський окружний виконавчий комітет, 1926	1926					https://history.org.ua/LiberUA/SpPosKO_1926/SpPosKO_1926.pdf
stalinska-premiia-reiestr	Лауреати Сталінської премії в галузі науки (1946-1952)						https://ru.wikipedia.org/wiki/Лауреаты_Сталинской_премии_в_области_науки_(1946-1952)
starozytna-polska-2-1885	Baliński M., Lipiński T. Starożytna Polska pod względem historycznym, jeograficznym i statystycznym. Wydanie drugie, poprawione i uzupełnione przez F. K. Martynowskiego. T. II. Warszawa: S. Orgelbranda Synowie, 1885	1885					https://www.wbc.poznan.pl/dlibra/publication/11126/edition/18060
summaryusz-1770	Summarjusz królewszczyzn w całej Koronie Polskiej z wyrażeniem possesorów i siła która płaci rocznej kwarty, spisany roku 1770. Wydanie Eligiego Piotrowskiego. Żytomierz: Zakład Litograficzno-Drukarski J. Chrząszcza i Komp., 1861	1861					https://bc.wbp.lublin.pl/dlibra/publication/4587
tchaikovsky-research-3947	Лист П. І. Чайковського до Н. Ф. фон Мекк від 2/14 жовтня 1889 року (Tchaikovsky Research, № 3947)	1889					https://en.tchaikovsky-research.net/pages/Letter_3947
tuptalo-diariush-zhylenko	Туптало Д. Діаруш (автобіографія). Критичне видання, упорядкування, переклад і коментарі Ірини Жиленко						http://litopys.org.ua/synopsis/avtob.htm
uain-buket-shevchenky	Букет Є. Бандуристи Шевченки з Пашківки // Український інтерес						https://uain.press/blogs/554714-554714
ukaz-pvr-1959-byshiv	Указ Президії Верховної Ради УРСР від 4 березня 1959 року «Про ліквідацію Бишівського і Велико-Половецького районів Київської області»	1959					https://uk.wikisource.org/wiki/%D0%A3%D0%BA%D0%B0%D0%B7_%D0%9F%D1%80%D0%B5%D0%B7%D0%B8%D0%B4%D1%96%D1%97_%D0%92%D0%A0_%D0%A3%D0%A0%D0%A1%D0%A0_%D0%B2%D1%96%D0%B4_4.03.1959_%C2%AB%D0%9F%D1%80%D0%BE_%D0%BB%D1%96%D0%BA%D0%B2%D1%96%D0%B4%D0%B0%D1%86%D1%96%D1%8E_%D0%91%D0%B8%D1%88%D1%96%D0%B2%D1%81%D1%8C%D0%BA%D0%BE%D0%B3%D0%BE_%D1%96_%D0%92%D0%B5%D0%BB%D0%B8%D0%BA%D0%BE-%D0%9F%D0%BE%D0%BB%D0%BE%D0%B2%D0%B5%D1%86%D1%8C%D0%BA%D0%BE%D0%B3%D0%BE_%D1%80%D0%B0%D0%B9%D0%BE%D0%BD%D1%96%D0%B2_%D0%9A%D0%B8%D1%97%D0%B2%D1%81%D1%8C%D0%BA%D0%BE%D1%97_%D0%BE%D0%B1%D0%BB%D0%B0%D1%81%D1%82%D1%96%C2%BB
ukaz-pvr-1962-10-3	Указ Президії Верховної Ради УРСР № 10/3 «Про віднесення в підпорядкування обласних (промислових) Рад депутатів трудящих міських поселень Української РСР»	1962					https://zakon.rada.gov.ua/laws/show/31%D0%B0-06
ukaz-pvr-1965-3n06	Указ Президії Верховної Ради УРСР № 3н-06 від 5 лютого 1965 року «Про внесення змін до Указу Президії Верховної Ради Української РСР від 4 січня 1965 року „Про внесення змін в адміністративне районування Української РСР“»	1965					https://zakon.rada.gov.ua/laws/show/3%D0%BD-06
ukaz-pvr-1965-raionuvannia	Указ Президії Верховної Ради УРСР «Про внесення змін в адміністративне районування Української РСР»	1965					https://uk.wikisource.org/wiki/Про_внесення_змін_в_адміністративне_районування_Української_РСР
ukr-arkhivisty-2007	Українські архівісти (XIX-XX ст.): біобібліографічний довідник	2007					https://undiasd.archives.gov.ua/doc/Ukrainski_arkhivisty_XIXXX_st.pdf
ukrainskyi-visnyk-1944	«Український вісник», Берлін, № 10 (18 червня 1944)	1944					https://libraria.ua/
ukwiki-marchuk	uk.wikipedia, стаття «Марчук Іван Іванович»						https://uk.wikipedia.org/wiki/Марчук_Іван_Іванович
ukwiki-petrychenko	Петриченко Андрій Архипович - стаття у Вікіпедії						https://uk.wikipedia.org/wiki/Петриченко_Андрій_Архипович
universaly-khmelnytskoho-1998	Універсали Богдана Хмельницького. 1648-1657 (упор. І. Крипʼякевич, І. Бутич). Київ: Наукова думка, 1998	1998					https://archive.org/details/Universaly1
utro-1907	«Утро», щоденна газета, Харків						https://libraria.ua/
veryha-2011	Верига В. І. Листопадовий рейд 1921 року. Київ: Стікс, 2011, 315, [5] с.	2011					https://irbis-nbuv.gov.ua/cgi-bin/irbis_nbuv/cgiirbis_64.exe?C21COM=S&I21DBN=EC&P21DBN=EC&S21FMT=JwU_B&S21STN=1&S21REF=10&S21CNR=20&S21ALL=%28%3C.%3EI%3D%D0%92%D0%90746943%24%3C.%3E%29
vestnyk-kyivgubvykonkom-1924	«Вестник Киевского губисполкома», 15 листопада 1924, № 42	1924					https://libraria.ua/issues/1016/77716/?PageNumber=10&ArticleId=2816025
vilne-slovo	«Вільне слово», окупаційна газета, Київщина	1941-1943					https://libraria.ua/
visty-vutsvk	«Вісти ВУЦВК», щоденна газета, Харків						https://libraria.ua/
vozz-1951-t3	Воссоединение Украины с Россией: документы и материалы. У 3 т. Т. 3: 1651-1654 гг. Москва: Изд-во АН СССР, 1953, 546 с.	1953					https://resource.history.org.ua/item/0006604
wiki-andriivka-buchanskyi	Андріївка (Бучанський район) - стаття у Вікіпедії						https://uk.wikipedia.org/wiki/Андріївка_(Бучанський_район)
wiki-benivka	Бенівка - стаття у Вікіпедії						https://uk.wikipedia.org/wiki/%D0%91%D0%B5%D0%BD%D1%96%D0%B2%D0%BA%D0%B0
wiki-buian-stantsiia	Буян (станція) - стаття у Вікіпедії						https://uk.wikipedia.org/wiki/Буян_(станція)
wiki-byshiv	Вікіпедія, стаття «Бишів (Фастівський район)»						https://uk.wikipedia.org/wiki/%D0%91%D0%B8%D1%88%D1%96%D0%B2_(%D0%A4%D0%B0%D1%81%D1%82%D1%96%D0%B2%D1%81%D1%8C%D0%BA%D0%B8%D0%B9_%D1%80%D0%B0%D0%B9%D0%BE%D0%BD)
wiki-chornohorodka	Чорногородка - стаття у Вікіпедії	2026					https://uk.wikipedia.org/wiki/Чорногородка
wiki-havronshchyna	Гавронщина (Макарівська селищна громада, Бучанський район) - стаття української Вікіпедії						https://uk.wikipedia.org/wiki/Гавронщина
wiki-horobiivka	Горобіївка (Фастівський район) - стаття у Вікіпедії						https://uk.wikipedia.org/wiki/Горобіївка_(Фастівський_район)
wiki-hruzke	Грузьке (Фастівський район) - стаття у Вікіпедії	2026					https://uk.wikipedia.org/wiki/Грузьке_(Фастівський_район)
wiki-kodra	Кодра (селище) - стаття у Вікіпедії	2026					https://uk.wikipedia.org/wiki/%D0%9A%D0%BE%D0%B4%D1%80%D0%B0
wiki-kodrianska-selyshchna-rada	Кодрянська селищна рада - стаття у Вікіпедії	2026					https://uk.wikipedia.org/wiki/%D0%9A%D0%BE%D0%B4%D1%80%D1%8F%D0%BD%D1%81%D1%8C%D0%BA%D0%B0_%D1%81%D0%B5%D0%BB%D0%B8%D1%89%D0%BD%D0%B0_%D1%80%D0%B0%D0%B4%D0%B0
wiki-kolonshchyna	Колонщина - стаття у Вікіпедії						https://uk.wikipedia.org/wiki/Колонщина
wiki-komarivka	Комарівка (Бучанський район) - стаття у Вікіпедії						https://uk.wikipedia.org/wiki/Комарівка_(Бучанський_район)
wiki-kopyliv	Копилів						https://uk.wikipedia.org/wiki/Копилів
wiki-korolivka-buchanskyi	Королівка (Бучанський район) - стаття у Вікіпедії	2026					https://uk.wikipedia.org/wiki/Королівка_(Бучанський_район)
wiki-kozychanka	uk.wikipedia, стаття «Козичанка»						https://uk.wikipedia.org/wiki/Козичанка
wiki-lamakh	Ламах Аліна Миколаївна - стаття у Вікіпедії						https://uk.wikipedia.org/wiki/Ламах_Аліна_Миколаївна
wiki-lypivka-buchanskyi	Вікіпедія, стаття «Липівка (Бучанський район)»						https://uk.wikipedia.org/wiki/Липівка_(Бучанський_район)
wiki-malyi-karashyn	Малий Карашин - стаття у Вікіпедії						https://uk.wikipedia.org/wiki/Малий_Карашин
wiki-marianivka	Марʼянівка (Макарівська селищна громада) - стаття у Вікіпедії						https://uk.wikipedia.org/wiki/%D0%9C%D0%B0%D1%80%27%D1%8F%D0%BD%D1%96%D0%B2%D0%BA%D0%B0_(%D0%9C%D0%B0%D0%BA%D0%B0%D1%80%D1%96%D0%B2%D1%81%D1%8C%D0%BA%D0%B0_%D1%81%D0%B5%D0%BB%D0%B8%D1%89%D0%BD%D0%B0_%D0%B3%D1%80%D0%BE%D0%BC%D0%B0%D0%B4%D0%B0)
wiki-mostyshche-fastivskyi	Мостище (Фастівський район), стаття Вікіпедії						https://uk.wikipedia.org/wiki/Мостище_(Фастівський_район)
wiki-mostyshche-hostomil	Мостище (місцевість у Гостомелі), стаття Вікіпедії						https://uk.wikipedia.org/wiki/Мостище_(місцевість_у_Гостомелі)
wiki-motyzhyn	Мотижин - стаття у Вікіпедії	2026					https://uk.wikipedia.org/wiki/Мотижин
wiki-nebelytsia	Небелиця - стаття у Вікіпедії						https://uk.wikipedia.org/wiki/Небелиця
wiki-nebelytsia-richka	Небелиця (річка) - стаття у Вікіпедії						https://uk.wikipedia.org/wiki/Небелиця_(річка)
wiki-nizhylovychi	Ніжиловичі - стаття у Вікіпедії						https://uk.wikipedia.org/wiki/Ніжиловичі
wiki-novosilky-boiarka	Новосілки (Боярська міська громада) - Вікіпедія						https://uk.wikipedia.org/wiki/Новосілки_(Боярська_міська_громада)
wiki-ozerschyna	Озерщина - стаття у Вікіпедії	2026					https://uk.wikipedia.org/wiki/Озерщина
wiki-pamiatnyk-tuptalu	«Памʼятник Дмитру Ростовському (Макарів)», стаття української Вікіпедії						https://uk.wikipedia.org/wiki/Пам%27ятник_Дмитру_Ростовському_(Макарів)
wiki-pidsukha	Підсуха Олександр Миколайович - стаття у Вікіпедії						https://uk.wikipedia.org/wiki/Підсуха_Олександр_Миколайович
wiki-plakhtianka	Плахтянка - стаття у Вікіпедії						https://uk.wikipedia.org/wiki/%D0%9F%D0%BB%D0%B0%D1%85%D1%82%D1%8F%D0%BD%D0%BA%D0%B0
wiki-plakhtianska-rada	Плахтянська сільська рада - стаття у Вікіпедії						https://uk.wikipedia.org/wiki/%D0%9F%D0%BB%D0%B0%D1%85%D1%82%D1%8F%D0%BD%D1%81%D1%8C%D0%BA%D0%B0_%D1%81%D1%96%D0%BB%D1%8C%D1%81%D1%8C%D0%BA%D0%B0_%D1%80%D0%B0%D0%B4%D0%B0
wiki-sosnivka-fastivskyi	Соснівка (Фастівський район), стаття Вікіпедії						https://uk.wikipedia.org/wiki/Соснівка_(Фастівський_район)
wiki-stari-shepelychi	Старі Шепеличі - стаття у Вікіпедії						https://uk.wikipedia.org/wiki/%D0%A1%D1%82%D0%B0%D1%80%D1%96_%D0%A8%D0%B5%D0%BF%D0%B5%D0%BB%D0%B8%D1%87%D1%96
wiki-ulianivka	Улянівка (Макарівський район) - стаття у Вікіпедії	2026					https://uk.wikipedia.org/wiki/Улянівка_(Макарівський_район)
wiki-velykyi-karashyn	Великий Карашин - стаття у Вікіпедії						https://uk.wikipedia.org/wiki/Великий_Карашин
wiki-vesela-sloboda	Весела Слобода - стаття у Вікіпедії	2026					https://uk.wikipedia.org/wiki/%D0%92%D0%B5%D1%81%D0%B5%D0%BB%D0%B0_%D0%A1%D0%BB%D0%BE%D0%B1%D0%BE%D0%B4%D0%B0
wiki-vitrivka	Вітрівка (Бучанський район) - стаття української Вікіпедії						https://uk.wikipedia.org/wiki/Вітрівка_(Бучанський_район)
wiki-yablunivka	Яблунівка (Фастівський район) - стаття у Вікіпедії						https://uk.wikipedia.org/wiki/Яблунівка_(Фастівський_район)
wiki-yasnohorodka	Ясногородка (Фастівський район)						https://uk.wikipedia.org/wiki/Ясногородка_(Фастівський_район)
wiki-yuriv	Юрів - стаття у Вікіпедії	2026					https://uk.wikipedia.org/wiki/Юрів
wiki-yurivka-hatne	Юрівка (Гатненська сільська громада) - стаття у Вікіпедії	2026					https://uk.wikipedia.org/wiki/Юрівка_(Гатненська_сільська_громада)
wiki-yurivska-silrada	Юрівська сільська рада (Макарівський район) - стаття у Вікіпедії	2026					https://uk.wikipedia.org/wiki/Юрівська_сільська_рада_(Макарівський_район)
wiki-zabuiannia	Забуяння - стаття у Вікіпедії						https://uk.wikipedia.org/wiki/Забуяння
wiki-zamkovyi	Замковий Петро Володимирович - стаття у Вікіпедії						https://uk.wikipedia.org/wiki/Замковий_Петро_Володимирович
wiki-zavalivka	Завалівка - стаття у Вікіпедії	2026					https://uk.wikipedia.org/wiki/Завалівка
wiki-zurivka	Зурівка - стаття у Вікіпедії	2026					https://uk.wikipedia.org/wiki/Зурівка
wikidata-q4065613	Вікідані, обʼєкт Q4065613 (Андріївка Бучанського району)						https://www.wikidata.org/wiki/Q4065613
wikidata-q4110072	Wikidata, елемент села Вітрівка						https://www.wikidata.org/wiki/Q4110072
wikidata-q4429588	Wikidata, елемент села Соснівка						https://www.wikidata.org/wiki/Q4429588
wikidata-q7239362	Вікідані, обʼєкт Q7239362 (Липівка)						https://www.wikidata.org/wiki/Q7239362
wikisource-dako-384-10	Перепис населення 1897 року, Сквирський повіт - повний опис 394 справ		ДАКО	384	10		https://uk.wikisource.org/wiki/Архів:ДАКО/384/10
wikisource-dako-384-opysy	Перепис населення 1897 року - таблиця описів фонду 384		ДАКО	384			https://uk.wikisource.org/wiki/Архів:ДАКО/384
yasnohorodka-rada-arhiv	Історія села Ясногородка, архів сайту Ясногородської сільської ради						https://yasnogorodka.rada.arhiv.org.ua/yasnogorodka-14-01-21-13-11-2017/
za-sotsialistychni-tempy-1936	«За соціалістичні темпи», газета Макарівських РПК і РВК, № 17 (541)	1936					https://commons.wikimedia.org/wiki/File:Mv-17-1936.pdf
za-sotsialistychni-tempy-1939	«За соціалістичні темпи», газета Макарівських РПК і РВК, № 173 (1184), 28 грудня 1939	1939					https://commons.wikimedia.org/wiki/File:Mv-173-1939.pdf
zhyttia-i-revoliutsiia	«Життя й революція», місячник, Державне видавництво України, Київ	1925-1934					https://libraria.ua/
zntsh-240	«Записки Наукового товариства ім. Шевченка». Том 240						https://libraria.ua/issues/1293/103888/?PageNumber=387&ArticleId=3482404
zrodla-dziejowe-20	Źródła dziejowe, t. XX: Polska XVI wieku pod względem geograficzno-statystycznym. T. IX: Ziemie ruskie. Ukraina (Kijów-Bracław). Warszawa, 1894	1894					https://www.wbc.poznan.pl/dlibra/publication/1174/edition/1786
zrodla-dziejowe-21	Źródła dziejowe, t. XXI: Polska XVI wieku… T. X: Ziemie ruskie. Ukraina (Kijów-Bracław), dokończenie. Warszawa, 1894	1894					https://archive.org/details/jbc.bj.uj.edu.pl.NDIGDRUK048422
